datetime,precipitation,et,discharge
2024-09-01 00:00:00,0.0,60.42,1.8501666666666667
2024-09-01 01:00:00,0.0,60.42,1.846
2024-09-01 02:00:00,0.0,60.42,1.90575
2024-09-01 03:00:00,0.0,60.42,2.0630833333333336
2024-09-01 04:00:00,0.0,60.42,1.8959166666666667
2024-09-01 05:00:00,0.0,60.42,1.8841666666666663
2024-09-01 06:00:00,0.0,60.42,1.8524166666666664
2024-09-01 07:00:00,0.0,60.42,2.0271666666666666
2024-09-01 08:00:00,0.9,60.42,2.3124166666666666
2024-09-01 09:00:00,0.1,60.42,2.23325
2024-09-01 10:00:00,0.0,60.42,2.6942500000000003
2024-09-01 11:00:00,0.0,60.42,2.6960833333333336
2024-09-01 12:00:00,0.0,60.42,1.9413333333333331
2024-09-01 13:00:00,0.0,60.42,1.9030833333333328
2024-09-01 14:00:00,0.0,60.42,2.10875
2024-09-01 15:00:00,0.0,60.42,2.002333333333333
2024-09-01 16:00:00,0.0,60.42,1.8830833333333332
2024-09-01 17:00:00,0.0,60.42,1.84475
2024-09-01 18:00:00,0.0,60.42,1.8340833333333333
2024-09-01 19:00:00,0.0,60.42,1.9509166666666669
2024-09-01 20:00:00,0.0,60.42,2.21175
2024-09-01 21:00:00,0.0,60.42,2.173
2024-09-01 22:00:00,0.0,60.42,2.0083333333333333
2024-09-01 23:00:00,0.0,60.42,2.020833333333333
2024-09-02 00:00:00,0.0,60.42,2.267583333333333
2024-09-02 01:00:00,0.0,60.42,2.0347500000000003
2024-09-02 02:00:00,0.0,60.42,1.9670833333333333
2024-09-02 03:00:00,0.0,60.42,1.8836666666666664
2024-09-02 04:00:00,0.0,60.42,1.8954166666666667
2024-09-02 05:00:00,0.0,60.42,2.18375
2024-09-02 06:00:00,0.0,60.42,1.9825833333333331
2024-09-02 07:00:00,0.0,60.42,1.9285
2024-09-02 08:00:00,0.0,60.42,2.277083333333333
2024-09-02 09:00:00,0.0,60.42,3.055
2024-09-02 10:00:00,0.0,60.42,3.2135
2024-09-02 11:00:00,0.0,60.42,2.3675833333333336
2024-09-02 12:00:00,0.0,60.42,1.9818333333333331
2024-09-02 13:00:00,0.0,60.42,2.0756666666666668
2024-09-02 14:00:00,0.0,60.42,2.434333333333333
2024-09-02 15:00:00,0.0,60.42,2.58
2024-09-02 16:00:00,0.0,60.42,2.6985
2024-09-02 17:00:00,0.0,60.42,2.234833333333333
2024-09-02 18:00:00,0.0,60.42,2.239583333333333
2024-09-02 19:00:00,0.0,60.42,2.556083333333333
2024-09-02 20:00:00,0.0,60.42,2.379
2024-09-02 21:00:00,0.0,60.42,3.2758333333333334
2024-09-02 22:00:00,0.0,60.42,6.599333333333333
2024-09-02 23:00:00,0.0,60.42,7.054749999999999
2024-09-03 00:00:00,0.0,60.42,7.115166666666667
2024-09-03 01:00:00,0.0,60.42,6.291166666666666
2024-09-03 02:00:00,0.0,60.42,6.125583333333334
2024-09-03 03:00:00,0.0,60.42,5.906666666666666
2024-09-03 04:00:00,0.0,60.42,5.5575
2024-09-03 05:00:00,0.0,60.42,5.416083333333333
2024-09-03 06:00:00,0.0,60.42,4.82525
2024-09-03 07:00:00,0.0,60.42,4.928333333333334
2024-09-03 08:00:00,0.0,60.42,5.210333333333334
2024-09-03 09:00:00,0.0,60.42,4.915666666666667
2024-09-03 10:00:00,0.0,60.42,5.016666666666667
2024-09-03 11:00:00,0.1,60.42,4.7995
2024-09-03 12:00:00,0.2,60.42,5.8799166666666665
2024-09-03 13:00:00,0.1,60.42,5.179666666666667
2024-09-03 14:00:00,0.0,60.42,4.8261666666666665
2024-09-03 15:00:00,0.0,60.42,4.109416666666667
2024-09-03 16:00:00,0.0,60.42,3.5795833333333333
2024-09-03 17:00:00,0.0,60.42,3.7976666666666663
2024-09-03 18:00:00,0.0,60.42,4.173333333333333
2024-09-03 19:00:00,0.0,60.42,4.164583333333334
2024-09-03 20:00:00,0.0,60.42,3.875166666666667
2024-09-03 21:00:00,0.0,60.42,3.663833333333333
2024-09-03 22:00:00,0.0,60.42,3.3720833333333338
2024-09-03 23:00:00,0.0,60.42,2.97775
2024-09-04 00:00:00,0.0,60.42,2.914
2024-09-04 01:00:00,0.0,60.42,2.9189166666666666
2024-09-04 02:00:00,0.0,60.42,3.4525
2024-09-04 03:00:00,0.0,60.42,3.4142500000000005
2024-09-04 04:00:00,0.0,60.42,3.4370833333333333
2024-09-04 05:00:00,0.0,60.42,3.278166666666667
2024-09-04 06:00:00,0.0,60.42,2.941583333333333
2024-09-04 07:00:00,0.0,60.42,2.717916666666667
2024-09-04 08:00:00,0.1,60.42,2.190583333333333
2024-09-04 09:00:00,0.0,60.42,2.0224166666666665
2024-09-04 10:00:00,0.1,60.42,2.01975
2024-09-04 11:00:00,0.6,60.42,2.403166666666667
2024-09-04 12:00:00,0.1,60.42,2.13125
2024-09-04 13:00:00,0.1,60.42,2.483166666666667
2024-09-04 14:00:00,0.0,60.42,3.49825
2024-09-04 15:00:00,0.0,60.42,5.682333333333333
2024-09-04 16:00:00,0.3,60.42,4.8276666666666666
2024-09-04 17:00:00,1.1,60.42,5.108
2024-09-04 18:00:00,0.8,60.42,4.9775
2024-09-04 19:00:00,2.6,60.42,4.732916666666667
2024-09-04 20:00:00,12.0,60.42,4.828083333333333
2024-09-04 21:00:00,7.9,60.42,4.285666666666667
2024-09-04 22:00:00,3.8,60.42,3.738583333333333
2024-09-04 23:00:00,1.5,60.42,3.5460833333333333
2024-09-05 00:00:00,2.6,60.42,3.702666666666667
2024-09-05 01:00:00,0.6,60.42,3.65525
2024-09-05 02:00:00,0.0,60.42,3.596833333333333
2024-09-05 03:00:00,0.0,60.42,3.4575
2024-09-05 04:00:00,0.0,60.42,3.41775
2024-09-05 05:00:00,0.0,60.42,3.672833333333333
2024-09-05 06:00:00,0.0,60.42,4.338
2024-09-05 07:00:00,0.0,60.42,5.678833333333333
2024-09-05 08:00:00,0.0,60.42,10.2825
2024-09-05 09:00:00,0.0,60.42,11.643666666666666
2024-09-05 10:00:00,0.0,60.42,11.220916666666668
2024-09-05 11:00:00,0.0,60.42,11.707666666666666
2024-09-05 12:00:00,0.0,60.42,11.706
2024-09-05 13:00:00,0.0,60.42,11.332333333333333
2024-09-05 14:00:00,0.0,60.42,10.981083333333332
2024-09-05 15:00:00,0.0,60.42,11.376333333333331
2024-09-05 16:00:00,0.0,60.42,12.023666666666664
2024-09-05 17:00:00,0.0,60.42,11.287
2024-09-05 18:00:00,0.0,60.42,10.665583333333332
2024-09-05 19:00:00,0.0,60.42,10.917916666666663
2024-09-05 20:00:00,0.0,60.42,10.6925
2024-09-05 21:00:00,0.0,60.42,10.244416666666666
2024-09-05 22:00:00,0.0,60.42,9.806416666666667
2024-09-05 23:00:00,0.0,60.42,9.23625
2024-09-06 00:00:00,0.0,60.42,8.0015
2024-09-06 01:00:00,0.0,60.42,7.61925
2024-09-06 02:00:00,0.0,60.42,7.126166666666666
2024-09-06 03:00:00,0.0,60.42,7.079916666666667
2024-09-06 04:00:00,0.0,60.42,6.803916666666667
2024-09-06 05:00:00,0.0,60.42,6.161833333333333
2024-09-06 06:00:00,0.0,60.42,5.8510833333333325
2024-09-06 07:00:00,0.0,60.42,5.14875
2024-09-06 08:00:00,0.0,60.42,5.220916666666667
2024-09-06 09:00:00,0.0,60.42,4.677666666666666
2024-09-06 10:00:00,0.0,60.42,3.7929166666666663
2024-09-06 11:00:00,0.0,60.42,3.1225
2024-09-06 12:00:00,0.2,60.42,2.94825
2024-09-06 13:00:00,0.0,60.42,2.8015000000000003
2024-09-06 14:00:00,0.1,60.42,2.7838333333333334
2024-09-06 15:00:00,0.0,60.42,2.931
2024-09-06 16:00:00,0.0,60.42,3.1346666666666665
2024-09-06 17:00:00,0.0,60.42,3.247666666666667
2024-09-06 18:00:00,0.0,60.42,3.376583333333333
2024-09-06 19:00:00,0.0,60.42,3.441583333333333
2024-09-06 20:00:00,0.0,60.42,3.889
2024-09-06 21:00:00,0.0,60.42,3.924333333333333
2024-09-06 22:00:00,0.0,60.42,3.908416666666667
2024-09-06 23:00:00,0.0,60.42,3.75175
2024-09-07 00:00:00,0.0,60.42,3.8806666666666665
2024-09-07 01:00:00,0.0,60.42,4.133166666666667
2024-09-07 02:00:00,0.0,60.42,3.763333333333333
2024-09-07 03:00:00,0.0,60.42,3.711
2024-09-07 04:00:00,0.0,60.42,3.781083333333333
2024-09-07 05:00:00,0.0,60.42,3.7524166666666665
2024-09-07 06:00:00,0.0,60.42,3.791166666666667
2024-09-07 07:00:00,0.0,60.42,3.81275
2024-09-07 08:00:00,0.0,60.42,3.8721666666666663
2024-09-07 09:00:00,0.0,60.42,3.602
2024-09-07 10:00:00,0.0,60.42,3.67875
2024-09-07 11:00:00,0.0,60.42,3.662416666666666
2024-09-07 12:00:00,0.0,60.42,3.86
2024-09-07 13:00:00,0.0,60.42,4.166333333333333
2024-09-07 14:00:00,0.0,60.42,4.424666666666666
2024-09-07 15:00:00,0.0,60.42,4.603166666666667
2024-09-07 16:00:00,0.0,60.42,5.252416666666667
2024-09-07 17:00:00,0.0,60.42,5.578333333333333
2024-09-07 18:00:00,0.0,60.42,5.712583333333334
2024-09-07 19:00:00,0.0,60.42,5.215333333333334
2024-09-07 20:00:00,0.0,60.42,5.7164166666666665
2024-09-07 21:00:00,0.0,60.42,6.22625
2024-09-07 22:00:00,0.0,60.42,5.771249999999999
2024-09-07 23:00:00,0.0,60.42,5.212083333333333
2024-09-08 00:00:00,0.0,60.42,5.452916666666667
2024-09-08 01:00:00,0.0,60.42,6.00325
2024-09-08 02:00:00,0.0,60.42,6.119666666666667
2024-09-08 03:00:00,0.0,60.42,6.772166666666667
2024-09-08 04:00:00,0.8,60.42,6.727666666666667
2024-09-08 05:00:00,0.6,60.42,5.7123333333333335
2024-09-08 06:00:00,0.9,60.42,4.958666666666667
2024-09-08 07:00:00,0.8,60.42,4.465833333333333
2024-09-08 08:00:00,0.0,60.42,4.70475
2024-09-08 09:00:00,0.0,60.42,4.97025
2024-09-08 10:00:00,0.0,60.42,4.948333333333333
2024-09-08 11:00:00,0.0,60.42,3.9725
2024-09-08 12:00:00,0.2,60.42,3.98625
2024-09-08 13:00:00,0.2,60.42,4.188666666666667
2024-09-08 14:00:00,0.0,60.42,4.5776666666666666
2024-09-08 15:00:00,0.0,60.42,5.0375000000000005
2024-09-08 16:00:00,0.0,60.42,4.607583333333333
2024-09-08 17:00:00,0.0,60.42,4.43425
2024-09-08 18:00:00,0.0,60.42,4.3085
2024-09-08 19:00:00,0.0,60.42,4.178416666666666
2024-09-08 20:00:00,0.0,60.42,4.41625
2024-09-08 21:00:00,0.0,60.42,4.713166666666667
2024-09-08 22:00:00,0.0,60.42,4.2195833333333335
2024-09-08 23:00:00,0.0,60.42,4.024
2024-09-09 00:00:00,0.0,60.42,4.187166666666667
2024-09-09 01:00:00,0.0,60.42,4.146833333333333
2024-09-09 02:00:00,0.0,60.42,3.874166666666667
2024-09-09 03:00:00,0.0,60.42,3.9179166666666663
2024-09-09 04:00:00,0.0,60.42,3.6053333333333337
2024-09-09 05:00:00,0.0,60.42,3.5209166666666665
2024-09-09 06:00:00,0.0,60.42,3.57875
2024-09-09 07:00:00,0.0,60.42,3.51975
2024-09-09 08:00:00,0.0,60.42,3.72
2024-09-09 09:00:00,0.0,60.42,3.292
2024-09-09 10:00:00,0.0,60.42,3.100083333333333
2024-09-09 11:00:00,0.0,60.42,3.954916666666666
2024-09-09 12:00:00,0.0,60.42,3.8795
2024-09-09 13:00:00,0.0,60.42,3.71475
2024-09-09 14:00:00,0.0,60.42,3.4539166666666667
2024-09-09 15:00:00,0.0,60.42,3.2625833333333336
2024-09-09 16:00:00,0.0,60.42,3.0075000000000003
2024-09-09 17:00:00,0.0,60.42,2.9767500000000005
2024-09-09 18:00:00,0.0,60.42,2.983333333333333
2024-09-09 19:00:00,0.0,60.42,2.8480833333333333
2024-09-09 20:00:00,0.0,60.42,3.063083333333333
2024-09-09 21:00:00,0.0,60.42,3.237666666666667
2024-09-09 22:00:00,0.0,60.42,2.94975
2024-09-09 23:00:00,0.0,60.42,2.7396666666666665
2024-09-10 00:00:00,0.0,60.42,2.7435
2024-09-10 01:00:00,0.0,60.42,2.815583333333333
2024-09-10 02:00:00,0.0,60.42,2.9755000000000003
2024-09-10 03:00:00,0.0,60.42,2.9266666666666663
2024-09-10 04:00:00,0.0,60.42,2.917666666666667
2024-09-10 05:00:00,0.0,60.42,2.3450833333333336
2024-09-10 06:00:00,0.0,60.42,2.47225
2024-09-10 07:00:00,0.0,60.42,2.83225
2024-09-10 08:00:00,0.0,60.42,3.0057500000000004
2024-09-10 09:00:00,0.0,60.42,3.23775
2024-09-10 10:00:00,0.0,60.42,3.926083333333333
2024-09-10 11:00:00,0.0,60.42,3.607
2024-09-10 12:00:00,0.0,60.42,3.2717500000000004
2024-09-10 13:00:00,0.0,60.42,2.872916666666667
2024-09-10 14:00:00,0.0,60.42,2.8609166666666668
2024-09-10 15:00:00,0.0,60.42,3.365833333333333
2024-09-10 16:00:00,0.0,60.42,3.5981666666666663
2024-09-10 17:00:00,0.0,60.42,3.564833333333333
2024-09-10 18:00:00,0.0,60.42,3.220916666666667
2024-09-10 19:00:00,0.0,60.42,3.0085
2024-09-10 20:00:00,0.0,60.42,3.557583333333333
2024-09-10 21:00:00,0.0,60.42,3.5755
2024-09-10 22:00:00,0.0,60.42,3.08175
2024-09-10 23:00:00,0.0,60.42,2.8921666666666668
2024-09-11 00:00:00,0.0,60.42,3.021583333333333
2024-09-11 01:00:00,0.0,60.42,3.3225
2024-09-11 02:00:00,0.0,60.42,3.2394166666666666
2024-09-11 03:00:00,0.0,60.42,3.2910833333333334
2024-09-11 04:00:00,0.0,60.42,3.218583333333333
2024-09-11 05:00:00,0.0,60.42,3.0414166666666667
2024-09-11 06:00:00,0.0,60.42,3.17375
2024-09-11 07:00:00,0.0,60.42,2.96175
2024-09-11 08:00:00,0.0,60.42,3.2645
2024-09-11 09:00:00,0.0,60.42,2.7935
2024-09-11 10:00:00,0.0,60.42,2.846583333333333
2024-09-11 11:00:00,0.0,60.42,2.837916666666666
2024-09-11 12:00:00,0.0,60.42,2.67675
2024-09-11 13:00:00,0.0,60.42,2.767416666666667
2024-09-11 14:00:00,0.0,60.42,2.33
2024-09-11 15:00:00,0.0,60.42,2.006416666666667
2024-09-11 16:00:00,0.0,60.42,2.127333333333333
2024-09-11 17:00:00,0.0,60.42,2.6311666666666667
2024-09-11 18:00:00,0.0,60.42,2.377333333333333
2024-09-11 19:00:00,0.0,60.42,2.1948333333333334
2024-09-11 20:00:00,0.0,60.42,2.9476666666666667
2024-09-11 21:00:00,0.0,60.42,2.987416666666667
2024-09-11 22:00:00,0.0,60.42,2.3960833333333333
2024-09-11 23:00:00,0.0,60.42,2.763
2024-09-12 00:00:00,0.0,60.42,2.616
2024-09-12 01:00:00,0.1,60.42,2.2253333333333334
2024-09-12 02:00:00,0.1,60.42,2.71775
2024-09-12 03:00:00,0.0,60.42,2.3905833333333333
2024-09-12 04:00:00,0.0,60.42,2.2131666666666665
2024-09-12 05:00:00,0.0,60.42,2.6975833333333337
2024-09-12 06:00:00,0.0,60.42,2.6341666666666668
2024-09-12 07:00:00,0.0,60.42,2.3429166666666665
2024-09-12 08:00:00,0.0,60.42,2.8190833333333334
2024-09-12 09:00:00,0.0,60.42,3.14175
2024-09-12 10:00:00,0.0,60.42,2.9829166666666667
2024-09-12 11:00:00,0.0,60.42,2.761416666666667
2024-09-12 12:00:00,0.0,60.42,2.576583333333333
2024-09-12 13:00:00,0.0,60.42,2.5334166666666667
2024-09-12 14:00:00,0.1,60.42,2.378833333333333
2024-09-12 15:00:00,0.0,60.42,2.123333333333333
2024-09-12 16:00:00,0.0,60.42,2.5203333333333333
2024-09-12 17:00:00,0.0,60.42,2.996083333333333
2024-09-12 18:00:00,0.0,60.42,2.504
2024-09-12 19:00:00,0.0,60.42,2.6914166666666666
2024-09-12 20:00:00,0.0,60.42,2.7110833333333333
2024-09-12 21:00:00,0.0,60.42,2.2630833333333333
2024-09-12 22:00:00,0.0,60.42,2.493916666666667
2024-09-12 23:00:00,0.0,60.42,2.43425
2024-09-13 00:00:00,0.0,60.42,2.2810833333333336
2024-09-13 01:00:00,0.0,60.42,2.836
2024-09-13 02:00:00,0.0,60.42,2.827666666666667
2024-09-13 03:00:00,0.0,60.42,2.620083333333333
2024-09-13 04:00:00,0.0,60.42,2.1806666666666668
2024-09-13 05:00:00,0.0,60.42,2.4048333333333334
2024-09-13 06:00:00,0.0,60.42,2.145833333333333
2024-09-13 07:00:00,0.0,60.42,1.9814166666666668
2024-09-13 08:00:00,0.0,60.42,1.9159166666666667
2024-09-13 09:00:00,0.0,60.42,1.8536666666666664
2024-09-13 10:00:00,0.0,60.42,1.82775
2024-09-13 11:00:00,0.0,60.42,1.7419166666666666
2024-09-13 12:00:00,0.0,60.42,1.7694166666666666
2024-09-13 13:00:00,0.0,60.42,1.9743333333333333
2024-09-13 14:00:00,0.0,60.42,1.8904166666666664
2024-09-13 15:00:00,0.0,60.42,1.86975
2024-09-13 16:00:00,0.0,60.42,1.79
2024-09-13 17:00:00,0.0,60.42,1.9615833333333332
2024-09-13 18:00:00,0.0,60.42,2.2726666666666664
2024-09-13 19:00:00,0.0,60.42,1.995083333333333
2024-09-13 20:00:00,0.0,60.42,2.006083333333333
2024-09-13 21:00:00,0.0,60.42,2.428166666666667
2024-09-13 22:00:00,0.0,60.42,2.38525
2024-09-13 23:00:00,0.0,60.42,2.122916666666667
2024-09-14 00:00:00,0.0,60.42,2.47
2024-09-14 01:00:00,0.0,60.42,2.8201666666666667
2024-09-14 02:00:00,0.0,60.42,2.7231666666666663
2024-09-14 03:00:00,0.0,60.42,2.4651666666666667
2024-09-14 04:00:00,0.0,60.42,2.477583333333333
2024-09-14 05:00:00,0.0,60.42,2.529333333333333
2024-09-14 06:00:00,0.0,60.42,2.152
2024-09-14 07:00:00,0.0,60.42,1.9508333333333332
2024-09-14 08:00:00,0.0,60.42,2.141833333333333
2024-09-14 09:00:00,0.0,60.42,2.2739166666666666
2024-09-14 10:00:00,0.0,60.42,1.996916666666667
2024-09-14 11:00:00,0.0,60.42,1.7978333333333334
2024-09-14 12:00:00,0.0,60.42,1.9506666666666668
2024-09-14 13:00:00,0.0,60.42,2.15725
2024-09-14 14:00:00,0.0,60.42,1.973
2024-09-14 15:00:00,0.0,60.42,1.8210833333333327
2024-09-14 16:00:00,0.0,60.42,1.866
2024-09-14 17:00:00,0.0,60.42,2.2
2024-09-14 18:00:00,0.0,60.42,2.4216666666666664
2024-09-14 19:00:00,0.0,60.42,2.1065
2024-09-14 20:00:00,0.0,60.42,1.9523333333333333
2024-09-14 21:00:00,0.0,60.42,1.9706666666666663
2024-09-14 22:00:00,0.0,60.42,2.3595833333333336
2024-09-14 23:00:00,0.0,60.42,2.3673333333333333
2024-09-15 00:00:00,0.0,60.42,2.1574166666666668
2024-09-15 01:00:00,0.0,60.42,2.5009166666666665
2024-09-15 02:00:00,0.0,60.42,2.190333333333333
2024-09-15 03:00:00,0.0,60.42,2.1644166666666664
2024-09-15 04:00:00,0.0,60.42,2.5083333333333333
2024-09-15 05:00:00,0.0,60.42,2.5340000000000003
2024-09-15 06:00:00,0.0,60.42,2.11075
2024-09-15 07:00:00,0.0,60.42,1.9810833333333333
2024-09-15 08:00:00,0.0,60.42,2.3775833333333334
2024-09-15 09:00:00,0.0,60.42,2.6916666666666664
2024-09-15 10:00:00,0.0,60.42,2.1625
2024-09-15 11:00:00,0.0,60.42,2.510666666666667
2024-09-15 12:00:00,0.0,60.42,2.5388333333333333
2024-09-15 13:00:00,0.0,60.42,2.060666666666666
2024-09-15 14:00:00,0.0,60.42,1.944583333333333
2024-09-15 15:00:00,0.0,60.42,2.0015
2024-09-15 16:00:00,0.0,60.42,2.438333333333333
2024-09-15 17:00:00,0.0,60.42,2.1408333333333336
2024-09-15 18:00:00,0.0,60.42,2.075333333333333
2024-09-15 19:00:00,0.0,60.42,2.2186666666666666
2024-09-15 20:00:00,0.0,60.42,2.043
2024-09-15 21:00:00,0.0,60.42,2.1043333333333334
2024-09-15 22:00:00,0.0,60.42,2.643083333333333
2024-09-15 23:00:00,0.0,60.42,2.338
2024-09-16 00:00:00,0.0,60.42,2.2036666666666664
2024-09-16 01:00:00,0.0,60.42,2.4395833333333337
2024-09-16 02:00:00,0.0,60.42,2.2527500000000003
2024-09-16 03:00:00,0.0,60.42,1.9739166666666668
2024-09-16 04:00:00,0.0,60.42,2.337
2024-09-16 05:00:00,0.0,60.42,2.1515833333333334
2024-09-16 06:00:00,0.0,60.42,1.9660833333333332
2024-09-16 07:00:00,0.0,60.42,1.994
2024-09-16 08:00:00,0.0,60.42,2.54275
2024-09-16 09:00:00,0.0,60.42,1.9685833333333331
2024-09-16 10:00:00,0.0,60.42,1.7948333333333333
2024-09-16 11:00:00,0.0,60.42,2.2425
2024-09-16 12:00:00,0.0,60.42,2.200416666666667
2024-09-16 13:00:00,0.0,60.42,1.8426666666666665
2024-09-16 14:00:00,0.0,60.42,1.7563333333333333
2024-09-16 15:00:00,0.0,60.42,1.8905833333333333
2024-09-16 16:00:00,0.0,60.42,1.8965
2024-09-16 17:00:00,0.0,60.42,1.8718333333333328
2024-09-16 18:00:00,0.0,60.42,2.1597500000000003
2024-09-16 19:00:00,0.0,60.42,2.03725
2024-09-16 20:00:00,0.0,60.42,1.9648333333333328
2024-09-16 21:00:00,0.0,60.42,1.7109166666666666
2024-09-16 22:00:00,0.0,60.42,1.83175
2024-09-16 23:00:00,0.0,60.42,1.90225
2024-09-17 00:00:00,0.0,60.42,1.7927499999999998
2024-09-17 01:00:00,0.0,60.42,1.7135
2024-09-17 02:00:00,0.0,60.42,1.71375
2024-09-17 03:00:00,0.0,60.42,1.7418333333333331
2024-09-17 04:00:00,0.0,60.42,2.013666666666667
2024-09-17 05:00:00,0.0,60.42,1.9300833333333332
2024-09-17 06:00:00,0.0,60.42,1.8103333333333331
2024-09-17 07:00:00,0.0,60.42,1.7889166666666665
2024-09-17 08:00:00,0.0,60.42,1.7805833333333334
2024-09-17 09:00:00,0.0,60.42,1.6879166666666665
2024-09-17 10:00:00,0.0,60.42,1.7274166666666666
2024-09-17 11:00:00,0.0,60.42,1.88625
2024-09-17 12:00:00,0.0,60.42,1.7346666666666666
2024-09-17 13:00:00,0.0,60.42,1.611846153846154
2024-09-17 14:00:00,0.0,60.42,1.568
2024-09-17 15:00:00,0.0,60.42,1.592666666666667
2024-09-17 16:00:00,0.0,60.42,1.5433333333333332
2024-09-17 17:00:00,0.0,60.42,1.5224166666666663
2024-09-17 18:00:00,0.0,60.42,1.4164166666666669
2024-09-17 19:00:00,0.1,60.42,1.48625
2024-09-17 20:00:00,0.6,60.42,1.5198333333333334
2024-09-17 21:00:00,1.4,60.42,1.499083333333333
2024-09-17 22:00:00,0.4,60.42,1.4620833333333334
2024-09-17 23:00:00,0.5,60.42,1.5040833333333332
2024-09-18 00:00:00,0.2,60.42,1.5999166666666664
2024-09-18 01:00:00,0.0,60.42,1.6793333333333331
2024-09-18 02:00:00,0.0,60.42,1.6955
2024-09-18 03:00:00,0.0,60.42,1.7215
2024-09-18 04:00:00,0.0,60.42,1.7375
2024-09-18 05:00:00,0.0,60.42,1.7904166666666663
2024-09-18 06:00:00,0.0,60.42,1.83
2024-09-18 07:00:00,0.0,60.42,1.8014166666666669
2024-09-18 08:00:00,0.0,60.42,1.97875
2024-09-18 09:00:00,0.0,60.42,1.986
2024-09-18 10:00:00,0.0,60.42,1.806
2024-09-18 11:00:00,0.0,60.42,1.569
2024-09-18 12:00:00,0.0,60.42,1.37225
2024-09-18 13:00:00,0.0,60.42,1.4580833333333334
2024-09-18 14:00:00,0.0,60.42,1.4945833333333332
2024-09-18 15:00:00,0.0,60.42,1.5795833333333331
2024-09-18 16:00:00,0.0,60.42,1.65175
2024-09-18 17:00:00,0.0,60.42,1.705833333333333
2024-09-18 18:00:00,0.0,60.42,1.8744166666666664
2024-09-18 19:00:00,0.1,60.42,1.9649166666666664
2024-09-18 20:00:00,0.0,60.42,1.930583333333333
2024-09-18 21:00:00,0.0,60.42,1.8813333333333333
2024-09-18 22:00:00,0.0,60.42,1.8513333333333333
2024-09-18 23:00:00,0.3,60.42,1.85725
2024-09-19 00:00:00,1.6,60.42,1.8763333333333327
2024-09-19 01:00:00,0.7,60.42,1.9474166666666664
2024-09-19 02:00:00,0.2,60.42,1.9679166666666668
2024-09-19 03:00:00,0.0,60.42,2.0850833333333334
2024-09-19 04:00:00,0.0,60.42,2.091833333333333
2024-09-19 05:00:00,0.0,60.42,2.22725
2024-09-19 06:00:00,0.0,60.42,2.2533333333333334
2024-09-19 07:00:00,0.0,60.42,2.3059166666666666
2024-09-19 08:00:00,0.0,60.42,2.697416666666667
2024-09-19 09:00:00,0.0,60.42,2.6675833333333334
2024-09-19 10:00:00,0.0,60.42,2.5401666666666665
2024-09-19 11:00:00,0.0,60.42,2.71425
2024-09-19 12:00:00,0.0,60.42,2.5861666666666667
2024-09-19 13:00:00,0.0,60.42,2.3863333333333334
2024-09-19 14:00:00,0.0,60.42,2.341333333333333
2024-09-19 15:00:00,0.0,60.42,2.1213333333333333
2024-09-19 16:00:00,0.2,60.42,2.087333333333333
2024-09-19 17:00:00,0.2,60.42,2.11025
2024-09-19 18:00:00,0.3,60.42,1.9679166666666668
2024-09-19 19:00:00,0.2,60.42,1.9445
2024-09-19 20:00:00,0.2,60.42,1.9194166666666668
2024-09-19 21:00:00,0.4,60.42,1.9660833333333332
2024-09-19 22:00:00,0.0,60.42,1.901
2024-09-19 23:00:00,0.0,60.42,1.8303333333333327
2024-09-20 00:00:00,0.0,60.42,1.8065
2024-09-20 01:00:00,0.0,60.42,1.7406666666666668
2024-09-20 02:00:00,0.0,60.42,1.7379166666666668
2024-09-20 03:00:00,0.0,60.42,1.7628333333333333
2024-09-20 04:00:00,0.0,60.42,1.7535833333333333
2024-09-20 05:00:00,0.0,60.42,1.77525
2024-09-20 06:00:00,0.0,60.42,1.6653333333333336
2024-09-20 07:00:00,0.0,60.42,1.7055
2024-09-20 08:00:00,0.1,60.42,1.9699166666666663
2024-09-20 09:00:00,0.2,60.42,2.1718333333333333
2024-09-20 10:00:00,0.0,60.42,2.483166666666667
2024-09-20 11:00:00,0.8,60.42,2.74325
2024-09-20 12:00:00,0.2,60.42,2.6101666666666667
2024-09-20 13:00:00,0.0,60.42,2.0738333333333334
2024-09-20 14:00:00,0.0,60.42,2.009
2024-09-20 15:00:00,0.0,60.42,2.7575000000000003
2024-09-20 16:00:00,0.0,60.42,8.270166666666666
2024-09-20 17:00:00,0.0,60.42,8.749
2024-09-20 18:00:00,0.0,60.42,8.216416666666667
2024-09-20 19:00:00,0.0,60.42,8.835416666666667
2024-09-20 20:00:00,0.0,60.42,8.653666666666668
2024-09-20 21:00:00,0.0,60.42,7.853166666666667
2024-09-20 22:00:00,0.0,60.42,7.242833333333333
2024-09-20 23:00:00,0.0,60.42,7.194333333333334
2024-09-21 00:00:00,0.0,60.42,6.553416666666667
2024-09-21 01:00:00,0.0,60.42,5.541250000000001
2024-09-21 02:00:00,0.0,60.42,4.8585
2024-09-21 03:00:00,0.0,60.42,4.829166666666667
2024-09-21 04:00:00,0.0,60.42,4.392416666666667
2024-09-21 05:00:00,0.0,60.42,4.332333333333334
2024-09-21 06:00:00,0.0,60.42,3.98525
2024-09-21 07:00:00,0.0,60.42,3.7755833333333335
2024-09-21 08:00:00,0.0,60.42,3.8781666666666665
2024-09-21 09:00:00,0.0,60.42,3.0516666666666663
2024-09-21 10:00:00,0.0,60.42,2.861
2024-09-21 11:00:00,0.0,60.42,2.6346666666666665
2024-09-21 12:00:00,0.3,60.42,2.3255
2024-09-21 13:00:00,0.0,60.42,2.42925
2024-09-21 14:00:00,0.3,60.42,2.3031666666666664
2024-09-21 15:00:00,0.4,60.42,2.136
2024-09-21 16:00:00,0.3,60.42,2.3473333333333333
2024-09-21 17:00:00,0.0,60.42,2.969
2024-09-21 18:00:00,0.6,60.42,2.8641666666666663
2024-09-21 19:00:00,0.0,60.42,2.2645833333333334
2024-09-21 20:00:00,0.0,60.42,2.067416666666667
2024-09-21 21:00:00,0.0,60.42,2.17425
2024-09-21 22:00:00,0.0,60.42,2.2222500000000003
2024-09-21 23:00:00,0.0,60.42,2.333416666666667
2024-09-22 00:00:00,0.0,60.42,2.46275
2024-09-22 01:00:00,0.0,60.42,2.62825
2024-09-22 02:00:00,0.0,60.42,2.5709166666666667
2024-09-22 03:00:00,0.0,60.42,2.6283333333333334
2024-09-22 04:00:00,0.0,60.42,2.565583333333333
2024-09-22 05:00:00,0.0,60.42,2.5814166666666667
2024-09-22 06:00:00,0.0,60.42,2.5410833333333334
2024-09-22 07:00:00,0.0,60.42,2.6039166666666667
2024-09-22 08:00:00,0.4,60.42,3.502666666666667
2024-09-22 09:00:00,0.6,60.42,4.069500000000001
2024-09-22 10:00:00,0.5,60.42,2.94525
2024-09-22 11:00:00,0.0,60.42,2.8615
2024-09-22 12:00:00,0.2,60.42,2.565916666666667
2024-09-22 13:00:00,0.2,60.42,2.5036666666666667
2024-09-22 14:00:00,0.3,60.42,2.50625
2024-09-22 15:00:00,0.2,60.42,2.490666666666667
2024-09-22 16:00:00,0.1,60.42,2.232416666666667
2024-09-22 17:00:00,0.1,60.42,2.16175
2024-09-22 18:00:00,0.0,60.42,2.2521666666666667
2024-09-22 19:00:00,0.0,60.42,3.0850000000000004
2024-09-22 20:00:00,0.0,60.42,2.8015000000000003
2024-09-22 21:00:00,0.0,60.42,2.468833333333333
2024-09-22 22:00:00,0.0,60.42,2.100166666666667
2024-09-22 23:00:00,0.0,60.42,2.017583333333333
2024-09-23 00:00:00,0.0,60.42,2.145
2024-09-23 01:00:00,0.0,60.42,2.5421666666666667
2024-09-23 02:00:00,0.0,60.42,2.63625
2024-09-23 03:00:00,0.0,60.42,2.8435
2024-09-23 04:00:00,0.0,60.42,2.89175
2024-09-23 05:00:00,0.0,60.42,3.2717500000000004
2024-09-23 06:00:00,0.1,60.42,3.095166666666667
2024-09-23 07:00:00,0.0,60.42,3.43375
2024-09-23 08:00:00,0.0,60.42,3.712
2024-09-23 09:00:00,0.0,60.42,2.9264166666666664
2024-09-23 10:00:00,0.0,60.42,2.904583333333333
2024-09-23 11:00:00,0.1,60.42,2.700416666666667
2024-09-23 12:00:00,0.0,60.42,2.574333333333333
2024-09-23 13:00:00,0.0,60.42,2.82975
2024-09-23 14:00:00,0.0,60.42,3.4650833333333337
2024-09-23 15:00:00,0.0,60.42,3.3765
2024-09-23 16:00:00,0.0,60.42,2.9473333333333334
2024-09-23 17:00:00,0.0,60.42,2.7264166666666667
2024-09-23 18:00:00,0.0,60.42,2.5261666666666667
2024-09-23 19:00:00,0.0,60.42,2.752833333333333
2024-09-23 20:00:00,0.0,60.42,2.7863333333333333
2024-09-23 21:00:00,0.0,60.42,2.611
2024-09-23 22:00:00,0.0,60.42,2.118916666666667
2024-09-23 23:00:00,0.0,60.42,2.477
2024-09-24 00:00:00,0.0,60.42,2.2110833333333333
2024-09-24 01:00:00,0.0,60.42,2.053
2024-09-24 02:00:00,0.0,60.42,1.9801666666666664
2024-09-24 03:00:00,0.0,60.42,1.7740833333333337
2024-09-24 04:00:00,0.0,60.42,1.6725
2024-09-24 05:00:00,0.0,60.42,2.0184166666666665
2024-09-24 06:00:00,0.0,60.42,2.081833333333333
2024-09-24 07:00:00,0.0,60.42,2.248333333333333
2024-09-24 08:00:00,0.1,60.42,3.009583333333333
2024-09-24 09:00:00,0.0,60.42,3.1115833333333334
2024-09-24 10:00:00,0.0,60.42,2.991083333333333
2024-09-24 11:00:00,0.0,60.42,3.091333333333333
2024-09-24 12:00:00,0.0,60.42,2.765416666666667
2024-09-24 13:00:00,0.0,60.42,2.504833333333333
2024-09-24 14:00:00,0.0,60.42,2.5450833333333334
2024-09-24 15:00:00,0.0,60.42,2.472
2024-09-24 16:00:00,0.0,60.42,2.5599166666666666
2024-09-24 17:00:00,0.0,60.42,2.0694166666666667
2024-09-24 18:00:00,0.0,60.42,1.7365000000000002
2024-09-24 19:00:00,0.0,60.42,1.7255
2024-09-24 20:00:00,0.0,60.42,2.083083333333333
2024-09-24 21:00:00,0.0,60.42,1.9850833333333333
2024-09-24 22:00:00,0.0,60.42,1.71975
2024-09-24 23:00:00,0.0,60.42,1.6455833333333334
2024-09-25 00:00:00,0.0,60.42,1.6789166666666666
2024-09-25 01:00:00,0.0,60.42,2.193833333333333
2024-09-25 02:00:00,0.0,60.42,2.317333333333333
2024-09-25 03:00:00,0.0,60.42,2.3734166666666665
2024-09-25 04:00:00,0.0,60.42,2.5396666666666667
2024-09-25 05:00:00,0.0,60.42,2.403166666666667
2024-09-25 06:00:00,0.0,60.42,2.480833333333333
2024-09-25 07:00:00,0.0,60.42,2.50225
2024-09-25 08:00:00,0.0,60.42,2.7529166666666662
2024-09-25 09:00:00,0.0,60.42,2.51925
2024-09-25 10:00:00,0.0,60.42,2.5561666666666665
2024-09-25 11:00:00,0.0,60.42,2.42425
2024-09-25 12:00:00,0.0,60.42,2.16175
2024-09-25 13:00:00,0.0,60.42,2.1045833333333337
2024-09-25 14:00:00,0.0,60.42,2.357416666666667
2024-09-25 15:00:00,0.0,60.42,2.7704166666666663
2024-09-25 16:00:00,0.0,60.42,2.76375
2024-09-25 17:00:00,0.0,60.42,2.309083333333333
2024-09-25 18:00:00,0.0,60.42,1.8276666666666663
2024-09-25 19:00:00,0.0,60.42,2.100583333333333
2024-09-25 20:00:00,0.0,60.42,2.35975
2024-09-25 21:00:00,0.0,60.42,2.2765833333333334
2024-09-25 22:00:00,0.0,60.42,2.280333333333333
2024-09-25 23:00:00,0.0,60.42,2.547166666666667
2024-09-26 00:00:00,0.0,60.42,2.3976666666666664
2024-09-26 01:00:00,0.0,60.42,2.12225
2024-09-26 02:00:00,0.0,60.42,2.11025
2024-09-26 03:00:00,0.0,60.42,2.490166666666666
2024-09-26 04:00:00,0.0,60.42,2.3007500000000003
2024-09-26 05:00:00,0.0,60.42,2.2045
2024-09-26 06:00:00,0.0,60.42,2.2354166666666666
2024-09-26 07:00:00,0.0,60.42,2.210833333333333
2024-09-26 08:00:00,0.0,60.42,2.129166666666667
2024-09-26 09:00:00,0.0,60.42,2.4759166666666665
2024-09-26 10:00:00,0.0,60.42,2.3636666666666666
2024-09-26 11:00:00,0.0,60.42,2.00225
2024-09-26 12:00:00,0.0,60.42,1.9610833333333333
2024-09-26 13:00:00,0.0,60.42,1.8173333333333328
2024-09-26 14:00:00,0.0,60.42,1.6629166666666666
2024-09-26 15:00:00,0.0,60.42,1.6080833333333333
2024-09-26 16:00:00,0.0,60.42,1.809
2024-09-26 17:00:00,0.0,60.42,2.2704166666666667
2024-09-26 18:00:00,0.0,60.42,2.333
2024-09-26 19:00:00,0.0,60.42,2.0519166666666666
2024-09-26 20:00:00,0.0,60.42,2.3623333333333334
2024-09-26 21:00:00,0.0,60.42,2.397
2024-09-26 22:00:00,0.0,60.42,2.08075
2024-09-26 23:00:00,0.0,60.42,1.8040833333333333
2024-09-27 00:00:00,0.0,60.42,1.6919166666666667
2024-09-27 01:00:00,0.0,60.42,1.9205
2024-09-27 02:00:00,0.0,60.42,2.0645
2024-09-27 03:00:00,0.0,60.42,2.29725
2024-09-27 04:00:00,0.0,60.42,2.4693333333333336
2024-09-27 05:00:00,0.0,60.42,2.088583333333333
2024-09-27 06:00:00,0.0,60.42,2.1755
2024-09-27 07:00:00,0.0,60.42,2.195
2024-09-27 08:00:00,0.0,60.42,1.95775
2024-09-27 09:00:00,0.0,60.42,2.4971666666666668
2024-09-27 10:00:00,0.0,60.42,2.6285000000000003
2024-09-27 11:00:00,0.0,60.42,2.598666666666667
2024-09-27 12:00:00,0.0,60.42,2.5701666666666667
2024-09-27 13:00:00,0.0,60.42,2.349166666666666
2024-09-27 14:00:00,0.0,60.42,2.329
2024-09-27 15:00:00,0.0,60.42,2.023333333333333
2024-09-27 16:00:00,0.0,60.42,1.91125
2024-09-27 17:00:00,0.0,60.42,2.34525
2024-09-27 18:00:00,0.0,60.42,2.145
2024-09-27 19:00:00,0.0,60.42,2.0090833333333333
2024-09-27 20:00:00,0.0,60.42,2.43975
2024-09-27 21:00:00,0.0,60.42,2.66225
2024-09-27 22:00:00,0.0,60.42,2.2279166666666668
2024-09-27 23:00:00,0.0,60.42,2.221083333333333
2024-09-28 00:00:00,0.0,60.42,2.11325
2024-09-28 01:00:00,0.0,60.42,2.3996666666666666
2024-09-28 02:00:00,0.0,60.42,2.26625
2024-09-28 03:00:00,0.0,60.42,1.8289166666666663
2024-09-28 04:00:00,0.0,60.42,1.740916666666667
2024-09-28 05:00:00,0.0,60.42,1.92325
2024-09-28 06:00:00,0.0,60.42,2.1034166666666665
2024-09-28 07:00:00,0.0,60.42,1.9066666666666665
2024-09-28 08:00:00,0.0,60.42,1.7030833333333335
2024-09-28 09:00:00,0.0,60.42,1.7927499999999998
2024-09-28 10:00:00,0.0,60.42,1.63325
2024-09-28 11:00:00,0.0,60.42,1.6565
2024-09-28 12:00:00,0.0,60.42,1.6335833333333332
2024-09-28 13:00:00,0.0,60.42,1.57625
2024-09-28 14:00:00,0.0,60.42,1.566
2024-09-28 15:00:00,0.0,60.42,1.5579166666666666
2024-09-28 16:00:00,0.0,60.42,1.6125833333333333
2024-09-28 17:00:00,0.0,60.42,1.5573333333333332
2024-09-28 18:00:00,0.0,60.42,1.9945833333333327
2024-09-28 19:00:00,0.0,60.42,2.248416666666667
2024-09-28 20:00:00,0.0,60.42,2.18675
2024-09-28 21:00:00,0.0,60.42,1.95075
2024-09-28 22:00:00,0.0,60.42,1.843
2024-09-28 23:00:00,0.0,60.42,2.0441666666666665
2024-09-29 00:00:00,0.0,60.42,2.1704166666666667
2024-09-29 01:00:00,0.0,60.42,1.8986666666666665
2024-09-29 02:00:00,0.0,60.42,1.84025
2024-09-29 03:00:00,0.0,60.42,1.7425833333333334
2024-09-29 04:00:00,0.0,60.42,1.7858333333333334
2024-09-29 05:00:00,0.0,60.42,1.7735833333333335
2024-09-29 06:00:00,0.0,60.42,1.8186666666666669
2024-09-29 07:00:00,0.0,60.42,1.723833333333333
2024-09-29 08:00:00,0.0,60.42,1.87775
2024-09-29 09:00:00,0.0,60.42,2.0534166666666667
2024-09-29 10:00:00,0.0,60.42,1.7881666666666665
2024-09-29 11:00:00,0.0,60.42,1.8163333333333331
2024-09-29 12:00:00,0.0,60.42,2.0375
2024-09-29 13:00:00,0.0,60.42,1.7628333333333333
2024-09-29 14:00:00,0.0,60.42,1.735
2024-09-29 15:00:00,0.0,60.42,1.70925
2024-09-29 16:00:00,0.0,60.42,2.01525
2024-09-29 17:00:00,0.0,60.42,1.8246666666666669
2024-09-29 18:00:00,0.0,60.42,1.77175
2024-09-29 19:00:00,0.0,60.42,1.923
2024-09-29 20:00:00,0.0,60.42,1.7380000000000002
2024-09-29 21:00:00,0.0,60.42,1.7111666666666665
2024-09-29 22:00:00,0.0,60.42,1.7134166666666666
2024-09-29 23:00:00,0.0,60.42,1.649
2024-09-30 00:00:00,0.0,60.42,1.74275
2024-09-30 01:00:00,0.0,60.42,1.7374166666666666
2024-09-30 02:00:00,0.0,60.42,2.048833333333333
2024-09-30 03:00:00,0.0,60.42,2.1180833333333333
2024-09-30 04:00:00,0.0,60.42,1.9529166666666664
2024-09-30 05:00:00,0.0,60.42,1.9293333333333331
2024-09-30 06:00:00,0.0,60.42,2.0443333333333333
2024-09-30 07:00:00,0.0,60.42,1.9810833333333333
2024-09-30 08:00:00,0.0,60.42,1.9040833333333331
2024-09-30 09:00:00,0.0,60.42,1.8031666666666668
2024-09-30 10:00:00,0.0,60.42,1.8179166666666668
2024-09-30 11:00:00,0.0,60.42,1.9458333333333333
2024-09-30 12:00:00,0.0,60.42,1.7486666666666666
2024-09-30 13:00:00,0.0,60.42,1.6387
2024-09-30 14:00:00,0.0,60.42,1.5648888888888888
2024-09-30 15:00:00,0.0,60.42,1.5958333333333332
2024-09-30 16:00:00,0.0,60.42,1.5945833333333337
2024-09-30 17:00:00,0.0,60.42,1.6205833333333333
2024-09-30 18:00:00,0.0,60.42,1.571
2024-09-30 19:00:00,0.0,60.42,1.602666666666667
2024-09-30 20:00:00,0.0,60.42,1.6248333333333334
2024-09-30 21:00:00,0.0,60.42,1.6130000000000002
2024-09-30 22:00:00,0.0,60.42,1.5861666666666665
2024-09-30 23:00:00,0.0,60.42,1.61725
2024-10-01 00:00:00,0.0,43.5,1.6393333333333333
2024-10-01 01:00:00,0.0,43.5,1.6388333333333334
2024-10-01 02:00:00,0.0,43.5,1.6869166666666666
2024-10-01 03:00:00,0.0,43.5,1.67225
2024-10-01 04:00:00,0.0,43.5,1.8326666666666669
2024-10-01 05:00:00,0.0,43.5,1.9635833333333328
2024-10-01 06:00:00,0.0,43.5,1.8208333333333333
2024-10-01 07:00:00,0.0,43.5,1.99825
2024-10-01 08:00:00,0.0,43.5,2.7350833333333333
2024-10-01 09:00:00,0.0,43.5,2.8644166666666666
2024-10-01 10:00:00,0.0,43.5,2.709083333333333
2024-10-01 11:00:00,0.0,43.5,2.6015833333333336
2024-10-01 12:00:00,0.0,43.5,2.516
2024-10-01 13:00:00,0.0,43.5,2.2978666666666667
2024-10-01 14:00:00,0.0,43.5,1.9885
2024-10-01 15:00:00,0.0,43.5,1.9264166666666669
2024-10-01 16:00:00,0.0,43.5,2.02325
2024-10-01 17:00:00,0.0,43.5,1.7839166666666666
2024-10-01 18:00:00,0.0,43.5,1.6465833333333333
2024-10-01 19:00:00,0.0,43.5,1.6289166666666668
2024-10-01 20:00:00,0.0,43.5,1.7445833333333332
2024-10-01 21:00:00,0.0,43.5,1.9079166666666667
2024-10-01 22:00:00,0.0,43.5,2.2649166666666667
2024-10-01 23:00:00,0.0,43.5,2.2405833333333334
2024-10-02 00:00:00,0.0,43.5,1.926583333333333
2024-10-02 01:00:00,0.0,43.5,2.3779166666666667
2024-10-02 02:00:00,0.1,43.5,2.26175
2024-10-02 03:00:00,0.0,43.5,1.9925833333333332
2024-10-02 04:00:00,0.0,43.5,2.236166666666666
2024-10-02 05:00:00,0.0,43.5,2.362
2024-10-02 06:00:00,0.0,43.5,1.97275
2024-10-02 07:00:00,0.0,43.5,2.0283333333333333
2024-10-02 08:00:00,0.0,43.5,2.1521666666666666
2024-10-02 09:00:00,0.0,43.5,1.9835
2024-10-02 10:00:00,0.0,43.5,1.7403333333333333
2024-10-02 11:00:00,0.0,43.5,1.7205833333333336
2024-10-02 12:00:00,0.0,43.5,1.6695833333333334
2024-10-02 13:00:00,0.0,43.5,1.608666666666667
2024-10-02 14:00:00,0.0,43.5,1.6403333333333334
2024-10-02 15:00:00,0.9,43.5,1.67375
2024-10-02 16:00:00,1.0,43.5,1.6849999999999998
2024-10-02 17:00:00,1.7,43.5,1.9174166666666668
2024-10-02 18:00:00,1.0,43.5,2.0078333333333336
2024-10-02 19:00:00,0.5,43.5,2.08925
2024-10-02 20:00:00,1.4,43.5,3.0730833333333334
2024-10-02 21:00:00,6.3,43.5,3.433666666666667
2024-10-02 22:00:00,4.4,43.5,2.833916666666666
2024-10-02 23:00:00,6.2,43.5,4.0345
2024-10-03 00:00:00,4.7,43.5,6.878416666666666
2024-10-03 01:00:00,9.3,43.5,6.853416666666667
2024-10-03 02:00:00,2.3,43.5,8.130833333333333
2024-10-03 03:00:00,1.1,43.5,6.239583333333333
2024-10-03 04:00:00,0.2,43.5,4.183
2024-10-03 05:00:00,0.0,43.5,3.185416666666667
2024-10-03 06:00:00,0.0,43.5,3.8344166666666655
2024-10-03 07:00:00,0.0,43.5,5.558583333333334
2024-10-03 08:00:00,0.0,43.5,5.913
2024-10-03 09:00:00,0.0,43.5,5.346416666666666
2024-10-03 10:00:00,0.0,43.5,3.76875
2024-10-03 11:00:00,0.0,43.5,3.4020833333333336
2024-10-03 12:00:00,0.0,43.5,3.2106666666666666
2024-10-03 13:00:00,0.0,43.5,2.6935
2024-10-03 14:00:00,0.0,43.5,2.3076666666666665
2024-10-03 15:00:00,0.0,43.5,4.225750000000001
2024-10-03 16:00:00,0.0,43.5,9.64925
2024-10-03 17:00:00,0.0,43.5,11.158416666666668
2024-10-03 18:00:00,0.0,43.5,11.436666666666667
2024-10-03 19:00:00,0.0,43.5,10.775416666666668
2024-10-03 20:00:00,0.0,43.5,10.551666666666668
2024-10-03 21:00:00,0.0,43.5,10.372083333333334
2024-10-03 22:00:00,0.0,43.5,10.06475
2024-10-03 23:00:00,0.0,43.5,9.061083333333334
2024-10-04 00:00:00,0.0,43.5,9.051083333333333
2024-10-04 01:00:00,0.0,43.5,8.80675
2024-10-04 02:00:00,0.0,43.5,8.427333333333333
2024-10-04 03:00:00,0.0,43.5,7.813083333333334
2024-10-04 04:00:00,0.0,43.5,7.100416666666667
2024-10-04 05:00:00,0.0,43.5,6.357166666666667
2024-10-04 06:00:00,0.0,43.5,5.803999999999999
2024-10-04 07:00:00,0.0,43.5,5.2796666666666665
2024-10-04 08:00:00,0.0,43.5,5.222916666666666
2024-10-04 09:00:00,0.0,43.5,4.9085
2024-10-04 10:00:00,0.0,43.5,4.731333333333333
2024-10-04 11:00:00,0.0,43.5,4.097583333333334
2024-10-04 12:00:00,0.0,43.5,3.5856666666666666
2024-10-04 13:00:00,0.0,43.5,2.73725
2024-10-04 14:00:00,0.0,43.5,2.324666666666667
2024-10-04 15:00:00,0.0,43.5,2.0576666666666665
2024-10-04 16:00:00,0.0,43.5,2.14275
2024-10-04 17:00:00,0.0,43.5,2.543333333333333
2024-10-04 18:00:00,0.0,43.5,2.9451666666666667
2024-10-04 19:00:00,0.0,43.5,2.87225
2024-10-04 20:00:00,0.0,43.5,2.4796666666666667
2024-10-04 21:00:00,0.0,43.5,2.326083333333333
2024-10-04 22:00:00,0.0,43.5,2.36575
2024-10-04 23:00:00,0.0,43.5,2.399833333333333
2024-10-05 00:00:00,0.0,43.5,2.5450833333333334
2024-10-05 01:00:00,0.1,43.5,2.7444166666666665
2024-10-05 02:00:00,0.0,43.5,2.733
2024-10-05 03:00:00,0.0,43.5,2.6259166666666665
2024-10-05 04:00:00,0.0,43.5,2.7815
2024-10-05 05:00:00,0.0,43.5,2.5826666666666664
2024-10-05 06:00:00,0.0,43.5,2.5556666666666668
2024-10-05 07:00:00,0.0,43.5,2.3135833333333333
2024-10-05 08:00:00,0.0,43.5,1.9841666666666664
2024-10-05 09:00:00,0.0,43.5,2.0229166666666667
2024-10-05 10:00:00,0.0,43.5,1.8783333333333327
2024-10-05 11:00:00,0.0,43.5,1.69325
2024-10-05 12:00:00,0.0,43.5,1.7750833333333331
2024-10-05 13:00:00,0.0,43.5,1.7240833333333334
2024-10-05 14:00:00,0.0,43.5,1.59725
2024-10-05 15:00:00,0.0,43.5,1.7165
2024-10-05 16:00:00,0.0,43.5,1.7149166666666666
2024-10-05 17:00:00,0.0,43.5,1.68825
2024-10-05 18:00:00,0.0,43.5,1.754916666666667
2024-10-05 19:00:00,0.0,43.5,2.0418333333333334
2024-10-05 20:00:00,0.0,43.5,2.1878333333333333
2024-10-05 21:00:00,0.0,43.5,2.305083333333333
2024-10-05 22:00:00,0.0,43.5,2.323166666666667
2024-10-05 23:00:00,0.0,43.5,2.11825
2024-10-06 00:00:00,0.0,43.5,1.8805833333333333
2024-10-06 01:00:00,0.0,43.5,1.8279166666666664
2024-10-06 02:00:00,0.0,43.5,1.9359166666666667
2024-10-06 03:00:00,0.0,43.5,1.8106666666666669
2024-10-06 04:00:00,0.0,43.5,1.7082499999999998
2024-10-06 05:00:00,0.0,43.5,1.8909166666666664
2024-10-06 06:00:00,0.0,43.5,1.8580833333333333
2024-10-06 07:00:00,0.0,43.5,1.9686666666666663
2024-10-06 08:00:00,0.0,43.5,2.2890833333333336
2024-10-06 09:00:00,0.0,43.5,2.4993333333333334
2024-10-06 10:00:00,0.0,43.5,2.205083333333333
2024-10-06 11:00:00,0.0,43.5,2.121
2024-10-06 12:00:00,0.0,43.5,2.177
2024-10-06 13:00:00,0.0,43.5,2.0995833333333334
2024-10-06 14:00:00,0.0,43.5,2.093
2024-10-06 15:00:00,0.0,43.5,2.24425
2024-10-06 16:00:00,0.0,43.5,2.147083333333333
2024-10-06 17:00:00,0.0,43.5,2.234666666666667
2024-10-06 18:00:00,0.0,43.5,2.111
2024-10-06 19:00:00,0.0,43.5,1.9916666666666665
2024-10-06 20:00:00,0.0,43.5,1.9308333333333327
2024-10-06 21:00:00,0.0,43.5,2.2285
2024-10-06 22:00:00,0.0,43.5,2.53825
2024-10-06 23:00:00,0.0,43.5,2.573166666666667
2024-10-07 00:00:00,0.0,43.5,2.974083333333333
2024-10-07 01:00:00,0.0,43.5,2.931666666666666
2024-10-07 02:00:00,0.0,43.5,2.956583333333333
2024-10-07 03:00:00,0.0,43.5,3.0316666666666667
2024-10-07 04:00:00,0.0,43.5,2.662583333333333
2024-10-07 05:00:00,0.0,43.5,2.4730000000000003
2024-10-07 06:00:00,0.0,43.5,2.232166666666666
2024-10-07 07:00:00,0.0,43.5,2.334416666666667
2024-10-07 08:00:00,0.0,43.5,2.5845
2024-10-07 09:00:00,0.0,43.5,2.5025
2024-10-07 10:00:00,0.0,43.5,1.9485
2024-10-07 11:00:00,0.0,43.5,2.0384166666666665
2024-10-07 12:00:00,0.0,43.5,2.0784166666666666
2024-10-07 13:00:00,0.0,43.5,2.0955
2024-10-07 14:00:00,0.0,43.5,2.2204166666666665
2024-10-07 15:00:00,0.1,43.5,2.183333333333333
2024-10-07 16:00:00,0.0,43.5,2.3169166666666667
2024-10-07 17:00:00,0.1,43.5,2.2598333333333334
2024-10-07 18:00:00,0.0,43.5,2.123666666666667
2024-10-07 19:00:00,0.0,43.5,2.124
2024-10-07 20:00:00,0.0,43.5,1.9021666666666668
2024-10-07 21:00:00,0.0,43.5,1.7559166666666668
2024-10-07 22:00:00,0.0,43.5,1.727
2024-10-07 23:00:00,0.3,43.5,1.6966666666666663
2024-10-08 00:00:00,1.9,43.5,1.8433333333333333
2024-10-08 01:00:00,1.6,43.5,1.9744166666666665
2024-10-08 02:00:00,0.0,43.5,1.9901666666666664
2024-10-08 03:00:00,0.0,43.5,1.9054166666666663
2024-10-08 04:00:00,0.0,43.5,1.87625
2024-10-08 05:00:00,0.0,43.5,1.847
2024-10-08 06:00:00,0.0,43.5,1.7520833333333332
2024-10-08 07:00:00,0.0,43.5,1.931
2024-10-08 08:00:00,0.0,43.5,2.333083333333333
2024-10-08 09:00:00,0.0,43.5,3.293
2024-10-08 10:00:00,0.0,43.5,2.916166666666667
2024-10-08 11:00:00,0.0,43.5,2.7060833333333334
2024-10-08 12:00:00,0.0,43.5,2.3516666666666666
2024-10-08 13:00:00,0.0,43.5,2.088416666666667
2024-10-08 14:00:00,0.0,43.5,2.0976666666666666
2024-10-08 15:00:00,0.0,43.5,2.0989166666666668
2024-10-08 16:00:00,0.0,43.5,2.305
2024-10-08 17:00:00,0.0,43.5,2.5345
2024-10-08 18:00:00,0.0,43.5,2.249083333333333
2024-10-08 19:00:00,0.0,43.5,2.3553333333333333
2024-10-08 20:00:00,0.0,43.5,3.41675
2024-10-08 21:00:00,0.0,43.5,4.692583333333333
2024-10-08 22:00:00,0.0,43.5,5.630916666666667
2024-10-08 23:00:00,0.0,43.5,4.95725
2024-10-09 00:00:00,0.0,43.5,5.07725
2024-10-09 01:00:00,0.0,43.5,4.665583333333333
2024-10-09 02:00:00,0.0,43.5,4.264083333333334
2024-10-09 03:00:00,0.0,43.5,4.215333333333334
2024-10-09 04:00:00,0.0,43.5,4.668
2024-10-09 05:00:00,0.0,43.5,5.430583333333334
2024-10-09 06:00:00,0.0,43.5,5.109916666666667
2024-10-09 07:00:00,0.0,43.5,4.81775
2024-10-09 08:00:00,0.0,43.5,4.307166666666666
2024-10-09 09:00:00,0.0,43.5,3.8678333333333335
2024-10-09 10:00:00,0.0,43.5,3.779916666666667
2024-10-09 11:00:00,0.0,43.5,3.839
2024-10-09 12:00:00,0.0,43.5,3.708916666666666
2024-10-09 13:00:00,0.0,43.5,2.5763333333333334
2024-10-09 14:00:00,0.0,43.5,3.043333333333333
2024-10-09 15:00:00,0.0,43.5,3.0211666666666663
2024-10-09 16:00:00,0.0,43.5,3.123
2024-10-09 17:00:00,0.0,43.5,2.9805
2024-10-09 18:00:00,0.0,43.5,2.89575
2024-10-09 19:00:00,0.0,43.5,2.5708333333333333
2024-10-09 20:00:00,0.0,43.5,2.0751666666666666
2024-10-09 21:00:00,0.0,43.5,1.8864166666666664
2024-10-09 22:00:00,0.0,43.5,2.622333333333333
2024-10-09 23:00:00,0.0,43.5,2.99675
2024-10-10 00:00:00,0.0,43.5,3.079333333333333
2024-10-10 01:00:00,0.0,43.5,2.9248333333333334
2024-10-10 02:00:00,0.1,43.5,2.8044166666666666
2024-10-10 03:00:00,0.1,43.5,2.43825
2024-10-10 04:00:00,0.0,43.5,2.3724166666666666
2024-10-10 05:00:00,0.0,43.5,2.05075
2024-10-10 06:00:00,0.0,43.5,1.8610833333333328
2024-10-10 07:00:00,0.0,43.5,1.8709166666666668
2024-10-10 08:00:00,0.0,43.5,1.82425
2024-10-10 09:00:00,0.0,43.5,1.8003333333333331
2024-10-10 10:00:00,0.0,43.5,1.9941666666666664
2024-10-10 11:00:00,0.0,43.5,2.128083333333333
2024-10-10 12:00:00,0.0,43.5,1.7179166666666663
2024-10-10 13:00:00,0.0,43.5,1.6965833333333336
2024-10-10 14:00:00,0.0,43.5,1.6805
2024-10-10 15:00:00,0.0,43.5,1.78725
2024-10-10 16:00:00,0.0,43.5,1.9250833333333333
2024-10-10 17:00:00,0.0,43.5,1.8831666666666669
2024-10-10 18:00:00,0.0,43.5,2.18775
2024-10-10 19:00:00,0.2,43.5,2.02325
2024-10-10 20:00:00,0.0,43.5,2.026666666666667
2024-10-10 21:00:00,0.1,43.5,2.494666666666667
2024-10-10 22:00:00,0.1,43.5,2.4125
2024-10-10 23:00:00,0.0,43.5,1.9403333333333328
2024-10-11 00:00:00,0.0,43.5,2.3310833333333334
2024-10-11 01:00:00,0.0,43.5,2.21275
2024-10-11 02:00:00,0.0,43.5,2.0275000000000003
2024-10-11 03:00:00,0.0,43.5,2.2249166666666667
2024-10-11 04:00:00,0.0,43.5,2.310166666666667
2024-10-11 05:00:00,0.0,43.5,2.121083333333333
2024-10-11 06:00:00,0.0,43.5,1.8323333333333331
2024-10-11 07:00:00,0.0,43.5,2.3009166666666667
2024-10-11 08:00:00,0.0,43.5,4.9575000000000005
2024-10-11 09:00:00,0.0,43.5,5.124
2024-10-11 10:00:00,0.0,43.5,3.4592499999999995
2024-10-11 11:00:00,0.0,43.5,3.1292500000000003
2024-10-11 12:00:00,0.0,43.5,2.8440833333333333
2024-10-11 13:00:00,0.0,43.5,2.836
2024-10-11 14:00:00,0.0,43.5,3.0095
2024-10-11 15:00:00,0.0,43.5,3.07125
2024-10-11 16:00:00,0.0,43.5,2.9531666666666667
2024-10-11 17:00:00,0.0,43.5,2.9370833333333333
2024-10-11 18:00:00,0.0,43.5,2.660333333333333
2024-10-11 19:00:00,0.0,43.5,2.5544166666666666
2024-10-11 20:00:00,0.0,43.5,2.2465
2024-10-11 21:00:00,0.0,43.5,2.204333333333333
2024-10-11 22:00:00,0.0,43.5,2.33475
2024-10-11 23:00:00,0.0,43.5,2.337833333333333
2024-10-12 00:00:00,0.0,43.5,2.3221666666666665
2024-10-12 01:00:00,0.0,43.5,2.277333333333333
2024-10-12 02:00:00,0.0,43.5,2.466083333333333
2024-10-12 03:00:00,0.0,43.5,2.5255
2024-10-12 04:00:00,0.0,43.5,2.67525
2024-10-12 05:00:00,0.0,43.5,2.94
2024-10-12 06:00:00,0.0,43.5,2.73125
2024-10-12 07:00:00,0.0,43.5,2.7421666666666664
2024-10-12 08:00:00,0.0,43.5,2.5084166666666667
2024-10-12 09:00:00,0.0,43.5,2.6740833333333334
2024-10-12 10:00:00,0.0,43.5,2.81775
2024-10-12 11:00:00,0.0,43.5,2.5025
2024-10-12 12:00:00,0.0,43.5,2.401
2024-10-12 13:00:00,0.2,43.5,2.32725
2024-10-12 14:00:00,0.1,43.5,2.1960833333333336
2024-10-12 15:00:00,0.0,43.5,2.2609166666666667
2024-10-12 16:00:00,0.0,43.5,2.1620833333333334
2024-10-12 17:00:00,0.0,43.5,2.2196666666666665
2024-10-12 18:00:00,0.0,43.5,2.49475
2024-10-12 19:00:00,0.0,43.5,2.81175
2024-10-12 20:00:00,0.0,43.5,2.631833333333333
2024-10-12 21:00:00,0.0,43.5,2.427666666666666
2024-10-12 22:00:00,0.0,43.5,2.1873333333333336
2024-10-12 23:00:00,0.0,43.5,1.83225
2024-10-13 00:00:00,0.0,43.5,1.9620833333333332
2024-10-13 01:00:00,0.0,43.5,1.92325
2024-10-13 02:00:00,0.0,43.5,1.87725
2024-10-13 03:00:00,0.0,43.5,2.243916666666667
2024-10-13 04:00:00,0.0,43.5,2.21925
2024-10-13 05:00:00,0.0,43.5,2.3286666666666664
2024-10-13 06:00:00,0.0,43.5,2.3209166666666667
2024-10-13 07:00:00,0.0,43.5,2.292666666666667
2024-10-13 08:00:00,0.0,43.5,2.35675
2024-10-13 09:00:00,0.0,43.5,2.2871666666666663
2024-10-13 10:00:00,0.0,43.5,2.282083333333333
2024-10-13 11:00:00,0.0,43.5,2.2029166666666664
2024-10-13 12:00:00,0.0,43.5,2.3152500000000003
2024-10-13 13:00:00,0.0,43.5,2.2284166666666665
2024-10-13 14:00:00,0.0,43.5,2.3433333333333333
2024-10-13 15:00:00,0.0,43.5,2.18375
2024-10-13 16:00:00,0.0,43.5,2.2345
2024-10-13 17:00:00,0.0,43.5,2.22625
2024-10-13 18:00:00,0.0,43.5,2.248333333333333
2024-10-13 19:00:00,0.0,43.5,2.2185833333333336
2024-10-13 20:00:00,0.0,43.5,2.372333333333333
2024-10-13 21:00:00,0.0,43.5,2.658333333333333
2024-10-13 22:00:00,0.0,43.5,2.581166666666667
2024-10-13 23:00:00,0.0,43.5,2.2518333333333334
2024-10-14 00:00:00,0.0,43.5,2.2493333333333334
2024-10-14 01:00:00,0.0,43.5,2.3748333333333336
2024-10-14 02:00:00,0.0,43.5,2.3515
2024-10-14 03:00:00,0.0,43.5,2.264
2024-10-14 04:00:00,0.0,43.5,2.40175
2024-10-14 05:00:00,0.0,43.5,2.3195
2024-10-14 06:00:00,0.0,43.5,2.218
2024-10-14 07:00:00,0.0,43.5,1.9538333333333333
2024-10-14 08:00:00,0.0,43.5,2.3241666666666667
2024-10-14 09:00:00,0.0,43.5,2.041583333333333
2024-10-14 10:00:00,0.0,43.5,2.3139166666666666
2024-10-14 11:00:00,0.0,43.5,2.70125
2024-10-14 12:00:00,0.0,43.5,3.0275833333333337
2024-10-14 13:00:00,0.0,43.5,3.3011666666666666
2024-10-14 14:00:00,0.0,43.5,3.03375
2024-10-14 15:00:00,0.0,43.5,2.626333333333333
2024-10-14 16:00:00,0.0,43.5,2.38525
2024-10-14 17:00:00,0.0,43.5,2.26475
2024-10-14 18:00:00,0.0,43.5,1.8971666666666664
2024-10-14 19:00:00,0.0,43.5,2.03875
2024-10-14 20:00:00,0.0,43.5,2.0779166666666664
2024-10-14 21:00:00,0.0,43.5,1.82925
2024-10-14 22:00:00,0.0,43.5,1.92525
2024-10-14 23:00:00,0.0,43.5,2.282833333333333
2024-10-15 00:00:00,0.0,43.5,2.436333333333333
2024-10-15 01:00:00,0.0,43.5,2.4014166666666665
2024-10-15 02:00:00,0.0,43.5,2.622333333333333
2024-10-15 03:00:00,0.0,43.5,2.556666666666666
2024-10-15 04:00:00,0.0,43.5,2.3593333333333333
2024-10-15 05:00:00,0.0,43.5,2.4654166666666666
2024-10-15 06:00:00,0.0,43.5,2.4374166666666666
2024-10-15 07:00:00,0.0,43.5,2.6209166666666666
2024-10-15 08:00:00,0.0,43.5,2.76375
2024-10-15 09:00:00,0.0,43.5,2.33675
2024-10-15 10:00:00,0.0,43.5,2.307166666666667
2024-10-15 11:00:00,0.0,43.5,2.349
2024-10-15 12:00:00,0.0,43.5,2.340333333333333
2024-10-15 13:00:00,0.0,43.5,2.2064166666666667
2024-10-15 14:00:00,0.0,43.5,2.162333333333333
2024-10-15 15:00:00,0.0,43.5,2.199333333333333
2024-10-15 16:00:00,0.0,43.5,2.248333333333333
2024-10-15 17:00:00,0.0,43.5,1.89825
2024-10-15 18:00:00,0.0,43.5,1.6961666666666666
2024-10-15 19:00:00,0.1,43.5,1.8925
2024-10-15 20:00:00,0.8,43.5,1.6900000000000002
2024-10-15 21:00:00,0.7,43.5,1.7074999999999998
2024-10-15 22:00:00,0.5,43.5,2.111083333333333
2024-10-15 23:00:00,0.2,43.5,2.262583333333333
2024-10-16 00:00:00,0.2,43.5,2.3226666666666667
2024-10-16 01:00:00,0.1,43.5,2.6023333333333336
2024-10-16 02:00:00,0.0,43.5,2.755333333333333
2024-10-16 03:00:00,0.0,43.5,2.95
2024-10-16 04:00:00,0.0,43.5,2.87
2024-10-16 05:00:00,0.0,43.5,2.868
2024-10-16 06:00:00,0.0,43.5,2.6855833333333337
2024-10-16 07:00:00,0.0,43.5,2.7230000000000003
2024-10-16 08:00:00,0.0,43.5,2.193833333333333
2024-10-16 09:00:00,0.0,43.5,1.7583333333333335
2024-10-16 10:00:00,0.0,43.5,1.8651666666666669
2024-10-16 11:00:00,0.0,43.5,1.8326666666666669
2024-10-16 12:00:00,0.0,43.5,1.6668333333333332
2024-10-16 13:00:00,0.0,43.5,1.708
2024-10-16 14:00:00,0.0,43.5,1.7784166666666668
2024-10-16 15:00:00,0.0,43.5,1.7385000000000002
2024-10-16 16:00:00,0.0,43.5,2.28725
2024-10-16 17:00:00,0.0,43.5,2.6425
2024-10-16 18:00:00,0.0,43.5,2.72325
2024-10-16 19:00:00,0.0,43.5,2.609666666666667
2024-10-16 20:00:00,0.0,43.5,2.421416666666667
2024-10-16 21:00:00,0.0,43.5,2.3354166666666667
2024-10-16 22:00:00,0.0,43.5,2.4796666666666667
2024-10-16 23:00:00,0.0,43.5,2.3765
2024-10-17 00:00:00,0.0,43.5,2.336
2024-10-17 01:00:00,0.0,43.5,2.276
2024-10-17 02:00:00,0.0,43.5,2.1006666666666667
2024-10-17 03:00:00,0.0,43.5,2.563
2024-10-17 04:00:00,0.1,43.5,2.9335
2024-10-17 05:00:00,0.0,43.5,3.085833333333333
2024-10-17 06:00:00,0.0,43.5,2.95875
2024-10-17 07:00:00,0.0,43.5,3.1942500000000003
2024-10-17 08:00:00,0.0,43.5,2.9486666666666665
2024-10-17 09:00:00,1.3,43.5,2.74425
2024-10-17 10:00:00,0.9,43.5,7.369916666666666
2024-10-17 11:00:00,0.8,43.5,15.8195
2024-10-17 12:00:00,1.7,43.5,11.495333333333331
2024-10-17 13:00:00,2.5,43.5,9.681333333333331
2024-10-17 14:00:00,3.8,43.5,9.296666666666669
2024-10-17 15:00:00,2.3,43.5,11.977416666666668
2024-10-17 16:00:00,0.6,43.5,11.754166666666668
2024-10-17 17:00:00,0.2,43.5,10.7365
2024-10-17 18:00:00,0.1,43.5,9.0055
2024-10-17 19:00:00,0.0,43.5,9.517833333333334
2024-10-17 20:00:00,0.0,43.5,9.64625
2024-10-17 21:00:00,0.2,43.5,8.796166666666666
2024-10-17 22:00:00,0.1,43.5,9.20175
2024-10-17 23:00:00,0.7,43.5,9.432083333333331
2024-10-18 00:00:00,0.3,43.5,7.309833333333334
2024-10-18 01:00:00,0.0,43.5,6.559083333333334
2024-10-18 02:00:00,0.0,43.5,7.249583333333334
2024-10-18 03:00:00,0.0,43.5,7.59125
2024-10-18 04:00:00,0.0,43.5,7.710333333333334
2024-10-18 05:00:00,0.0,43.5,7.261083333333333
2024-10-18 06:00:00,0.0,43.5,7.197166666666667
2024-10-18 07:00:00,0.0,43.5,6.02575
2024-10-18 08:00:00,0.0,43.5,6.2765
2024-10-18 09:00:00,0.0,43.5,6.991833333333333
2024-10-18 10:00:00,0.0,43.5,7.490333333333333
2024-10-18 11:00:00,0.0,43.5,7.435333333333333
2024-10-18 12:00:00,0.0,43.5,6.46475
2024-10-18 13:00:00,0.0,43.5,6.305583333333334
2024-10-18 14:00:00,0.0,43.5,6.452083333333333
2024-10-18 15:00:00,0.2,43.5,7.769916666666667
2024-10-18 16:00:00,0.1,43.5,8.038166666666667
2024-10-18 17:00:00,0.0,43.5,6.551166666666667
2024-10-18 18:00:00,0.0,43.5,5.731416666666667
2024-10-18 19:00:00,0.0,43.5,5.71375
2024-10-18 20:00:00,0.0,43.5,5.361416666666667
2024-10-18 21:00:00,0.0,43.5,5.873166666666667
2024-10-18 22:00:00,0.0,43.5,6.516333333333333
2024-10-18 23:00:00,0.0,43.5,6.63475
2024-10-19 00:00:00,0.0,43.5,7.360583333333333
2024-10-19 01:00:00,0.0,43.5,7.117666666666666
2024-10-19 02:00:00,0.0,43.5,6.719166666666666
2024-10-19 03:00:00,0.0,43.5,6.686583333333334
2024-10-19 04:00:00,0.0,43.5,6.730916666666666
2024-10-19 05:00:00,0.0,43.5,6.71425
2024-10-19 06:00:00,0.0,43.5,6.045166666666667
2024-10-19 07:00:00,0.0,43.5,6.122083333333333
2024-10-19 08:00:00,0.0,43.5,6.5687500000000005
2024-10-19 09:00:00,0.0,43.5,6.098916666666667
2024-10-19 10:00:00,0.0,43.5,6.576250000000001
2024-10-19 11:00:00,0.0,43.5,5.689916666666666
2024-10-19 12:00:00,0.0,43.5,5.1883333333333335
2024-10-19 13:00:00,0.0,43.5,4.431416666666666
2024-10-19 14:00:00,0.0,43.5,4.186583333333334
2024-10-19 15:00:00,0.0,43.5,4.21575
2024-10-19 16:00:00,0.0,43.5,4.190083333333333
2024-10-19 17:00:00,0.0,43.5,4.3745
2024-10-19 18:00:00,0.0,43.5,4.53475
2024-10-19 19:00:00,0.0,43.5,4.176333333333333
2024-10-19 20:00:00,0.0,43.5,4.0705
2024-10-19 21:00:00,0.0,43.5,4.5535
2024-10-19 22:00:00,0.0,43.5,4.581083333333333
2024-10-19 23:00:00,0.0,43.5,4.745416666666666
2024-10-20 00:00:00,0.0,43.5,5.175583333333333
2024-10-20 01:00:00,0.0,43.5,4.984583333333333
2024-10-20 02:00:00,0.0,43.5,4.8385
2024-10-20 03:00:00,0.0,43.5,4.719
2024-10-20 04:00:00,0.0,43.5,4.424666666666667
2024-10-20 05:00:00,0.0,43.5,4.271
2024-10-20 06:00:00,0.0,43.5,3.9035833333333336
2024-10-20 07:00:00,0.0,43.5,3.4479166666666665
2024-10-20 08:00:00,0.0,43.5,3.408416666666666
2024-10-20 09:00:00,0.0,43.5,3.2394166666666666
2024-10-20 10:00:00,0.0,43.5,3.24025
2024-10-20 11:00:00,0.0,43.5,2.5081666666666664
2024-10-20 12:00:00,0.0,43.5,2.462
2024-10-20 13:00:00,0.0,43.5,2.708916666666666
2024-10-20 14:00:00,0.0,43.5,3.1581666666666663
2024-10-20 15:00:00,0.0,43.5,3.339916666666667
2024-10-20 16:00:00,0.0,43.5,3.6830833333333337
2024-10-20 17:00:00,0.0,43.5,3.577
2024-10-20 18:00:00,0.0,43.5,4.180499999999999
2024-10-20 19:00:00,0.0,43.5,4.0035
2024-10-20 20:00:00,0.0,43.5,3.8961666666666654
2024-10-20 21:00:00,0.0,43.5,3.7591666666666663
2024-10-20 22:00:00,0.0,43.5,3.8761666666666663
2024-10-20 23:00:00,0.0,43.5,3.888833333333333
2024-10-21 00:00:00,0.0,43.5,5.373083333333334
2024-10-21 01:00:00,0.0,43.5,4.544083333333334
2024-10-21 02:00:00,0.0,43.5,4.178583333333333
2024-10-21 03:00:00,0.0,43.5,4.0071666666666665
2024-10-21 04:00:00,0.0,43.5,3.908166666666667
2024-10-21 05:00:00,0.0,43.5,3.33875
2024-10-21 06:00:00,0.0,43.5,3.5565833333333337
2024-10-21 07:00:00,0.0,43.5,4.3735
2024-10-21 08:00:00,0.0,43.5,4.97125
2024-10-21 09:00:00,0.0,43.5,4.096916666666667
2024-10-21 10:00:00,0.0,43.5,3.0405833333333336
2024-10-21 11:00:00,0.0,43.5,2.39625
2024-10-21 12:00:00,0.0,43.5,2.9963333333333337
2024-10-21 13:00:00,0.0,43.5,3.674666666666667
2024-10-21 14:00:00,0.0,43.5,3.424
2024-10-21 15:00:00,0.0,43.5,3.1095
2024-10-21 16:00:00,0.0,43.5,2.973333333333333
2024-10-21 17:00:00,0.0,43.5,2.8084166666666666
2024-10-21 18:00:00,0.0,43.5,2.479416666666667
2024-10-21 19:00:00,0.0,43.5,2.7539166666666666
2024-10-21 20:00:00,0.0,43.5,3.8799166666666665
2024-10-21 21:00:00,0.0,43.5,4.03225
2024-10-21 22:00:00,0.0,43.5,3.758333333333333
2024-10-21 23:00:00,0.0,43.5,3.3426666666666667
2024-10-22 00:00:00,0.0,43.5,3.3313333333333333
2024-10-22 01:00:00,0.0,43.5,3.372666666666667
2024-10-22 02:00:00,0.0,43.5,3.3475
2024-10-22 03:00:00,0.0,43.5,3.3320833333333333
2024-10-22 04:00:00,0.0,43.5,3.2756666666666665
2024-10-22 05:00:00,0.0,43.5,2.745083333333333
2024-10-22 06:00:00,0.0,43.5,2.169833333333333
2024-10-22 07:00:00,0.0,43.5,2.2841666666666667
2024-10-22 08:00:00,0.0,43.5,4.255083333333333
2024-10-22 09:00:00,0.0,43.5,5.815416666666667
2024-10-22 10:00:00,0.0,43.5,3.663
2024-10-22 11:00:00,0.0,43.5,2.77475
2024-10-22 12:00:00,0.0,43.5,2.303333333333333
2024-10-22 13:00:00,0.0,43.5,2.21375
2024-10-22 14:00:00,0.0,43.5,2.252083333333333
2024-10-22 15:00:00,0.0,43.5,2.27275
2024-10-22 16:00:00,0.0,43.5,2.263
2024-10-22 17:00:00,0.0,43.5,2.3745833333333333
2024-10-22 18:00:00,0.0,43.5,2.653166666666667
2024-10-22 19:00:00,0.0,43.5,3.296666666666667
2024-10-22 20:00:00,0.0,43.5,3.94975
2024-10-22 21:00:00,0.0,43.5,3.65425
2024-10-22 22:00:00,0.0,43.5,3.232166666666666
2024-10-22 23:00:00,0.0,43.5,2.986916666666667
2024-10-23 00:00:00,0.0,43.5,3.199666666666667
2024-10-23 01:00:00,0.0,43.5,3.1140833333333333
2024-10-23 02:00:00,0.0,43.5,2.810583333333333
2024-10-23 03:00:00,0.0,43.5,2.5188333333333333
2024-10-23 04:00:00,0.0,43.5,2.379583333333333
2024-10-23 05:00:00,0.0,43.5,2.097916666666667
2024-10-23 06:00:00,0.0,43.5,2.0245
2024-10-23 07:00:00,0.0,43.5,2.2816666666666667
2024-10-23 08:00:00,0.0,43.5,2.12725
2024-10-23 09:00:00,0.0,43.5,2.6
2024-10-23 10:00:00,0.0,43.5,2.922
2024-10-23 11:00:00,0.0,43.5,2.6308333333333334
2024-10-23 12:00:00,0.0,43.5,2.4726666666666666
2024-10-23 13:00:00,0.0,43.5,2.650416666666666
2024-10-23 14:00:00,0.0,43.5,3.11125
2024-10-23 15:00:00,0.0,43.5,2.8209166666666667
2024-10-23 16:00:00,0.0,43.5,2.9121666666666663
2024-10-23 17:00:00,0.0,43.5,3.2595
2024-10-23 18:00:00,0.0,43.5,3.21275
2024-10-23 19:00:00,0.0,43.5,4.146333333333334
2024-10-23 20:00:00,0.0,43.5,4.7138333333333335
2024-10-23 21:00:00,0.0,43.5,4.104833333333334
2024-10-23 22:00:00,0.0,43.5,3.695083333333333
2024-10-23 23:00:00,0.0,43.5,3.427
2024-10-24 00:00:00,0.0,43.5,3.363083333333333
2024-10-24 01:00:00,0.0,43.5,3.7234166666666666
2024-10-24 02:00:00,0.0,43.5,4.016416666666667
2024-10-24 03:00:00,0.0,43.5,3.7290833333333335
2024-10-24 04:00:00,0.0,43.5,3.435916666666667
2024-10-24 05:00:00,0.0,43.5,3.4348333333333336
2024-10-24 06:00:00,0.0,43.5,2.941583333333333
2024-10-24 07:00:00,0.0,43.5,2.5955833333333334
2024-10-24 08:00:00,0.0,43.5,2.5996666666666663
2024-10-24 09:00:00,0.0,43.5,3.233
2024-10-24 10:00:00,0.0,43.5,2.580083333333333
2024-10-24 11:00:00,0.0,43.5,2.315916666666667
2024-10-24 12:00:00,0.0,43.5,2.1019166666666664
2024-10-24 13:00:00,0.0,43.5,2.3383333333333334
2024-10-24 14:00:00,0.0,43.5,2.6325833333333333
2024-10-24 15:00:00,0.0,43.5,3.411
2024-10-24 16:00:00,0.0,43.5,3.1467500000000004
2024-10-24 17:00:00,0.0,43.5,2.822833333333333
2024-10-24 18:00:00,0.0,43.5,2.7275
2024-10-24 19:00:00,0.0,43.5,2.8395
2024-10-24 20:00:00,0.0,43.5,3.238083333333333
2024-10-24 21:00:00,0.0,43.5,3.52975
2024-10-24 22:00:00,0.0,43.5,3.768083333333333
2024-10-24 23:00:00,0.0,43.5,3.2557500000000004
2024-10-25 00:00:00,0.0,43.5,2.8954166666666663
2024-10-25 01:00:00,0.0,43.5,2.82125
2024-10-25 02:00:00,0.0,43.5,2.526
2024-10-25 03:00:00,0.0,43.5,2.225166666666667
2024-10-25 04:00:00,0.0,43.5,2.51175
2024-10-25 05:00:00,0.0,43.5,2.672916666666667
2024-10-25 06:00:00,0.0,43.5,2.900416666666666
2024-10-25 07:00:00,0.0,43.5,3.1631666666666667
2024-10-25 08:00:00,0.0,43.5,3.947333333333333
2024-10-25 09:00:00,0.0,43.5,3.671833333333333
2024-10-25 10:00:00,0.0,43.5,3.4348333333333336
2024-10-25 11:00:00,0.0,43.5,3.51375
2024-10-25 12:00:00,0.0,43.5,3.391916666666667
2024-10-25 13:00:00,0.0,43.5,3.082333333333333
2024-10-25 14:00:00,0.0,43.5,2.93975
2024-10-25 15:00:00,0.2,43.5,2.8565
2024-10-25 16:00:00,0.0,43.5,2.793
2024-10-25 17:00:00,0.0,43.5,2.789
2024-10-25 18:00:00,0.0,43.5,2.59075
2024-10-25 19:00:00,0.0,43.5,2.7118333333333333
2024-10-25 20:00:00,0.0,43.5,2.7045
2024-10-25 21:00:00,0.1,43.5,2.8381666666666665
2024-10-25 22:00:00,0.0,43.5,2.81225
2024-10-25 23:00:00,0.0,43.5,2.983833333333333
2024-10-26 00:00:00,0.0,43.5,3.8185
2024-10-26 01:00:00,0.1,43.5,4.847083333333333
2024-10-26 02:00:00,0.7,43.5,7.813916666666667
2024-10-26 03:00:00,0.7,43.5,8.016166666666667
2024-10-26 04:00:00,0.0,43.5,8.61825
2024-10-26 05:00:00,0.0,43.5,8.181166666666668
2024-10-26 06:00:00,0.0,43.5,6.935583333333334
2024-10-26 07:00:00,0.1,43.5,9.259333333333334
2024-10-26 08:00:00,0.3,43.5,12.749166666666667
2024-10-26 09:00:00,0.9,43.5,12.025083333333331
2024-10-26 10:00:00,1.6,43.5,11.0735
2024-10-26 11:00:00,1.8,43.5,12.01825
2024-10-26 12:00:00,1.2,43.5,12.2765
2024-10-26 13:00:00,0.1,43.5,14.15675
2024-10-26 14:00:00,0.1,43.5,32.121833333333335
2024-10-26 15:00:00,0.2,43.5,32.85275
2024-10-26 16:00:00,0.0,43.5,30.738
2024-10-26 17:00:00,0.0,43.5,28.899833333333333
2024-10-26 18:00:00,0.0,43.5,32.48041666666666
2024-10-26 19:00:00,0.0,43.5,36.8505
2024-10-26 20:00:00,0.0,43.5,36.64383333333333
2024-10-26 21:00:00,0.1,43.5,37.83766666666667
2024-10-26 22:00:00,0.0,43.5,37.04083333333333
2024-10-26 23:00:00,0.0,43.5,36.29958333333334
2024-10-27 00:00:00,0.0,43.5,34.251583333333336
2024-10-27 01:00:00,0.0,43.5,34.224833333333336
2024-10-27 02:00:00,0.0,43.5,31.556833333333334
2024-10-27 03:00:00,0.0,43.5,29.716416666666664
2024-10-27 04:00:00,0.0,43.5,28.503416666666663
2024-10-27 05:00:00,0.0,43.5,27.58525
2024-10-27 06:00:00,0.0,43.5,26.36925
2024-10-27 07:00:00,0.0,43.5,25.604916666666668
2024-10-27 08:00:00,0.0,43.5,25.007166666666667
2024-10-27 09:00:00,0.0,43.5,24.3505
2024-10-27 10:00:00,0.0,43.5,23.416416666666667
2024-10-27 11:00:00,0.0,43.5,22.140500000000003
2024-10-27 12:00:00,0.0,43.5,21.81308333333333
2024-10-27 13:00:00,0.0,43.5,20.95125
2024-10-27 14:00:00,0.0,43.5,19.701166666666666
2024-10-27 15:00:00,0.0,43.5,19.209666666666667
2024-10-27 16:00:00,0.0,43.5,19.09283333333333
2024-10-27 17:00:00,0.0,43.5,19.666916666666665
2024-10-27 18:00:00,0.0,43.5,19.178166666666662
2024-10-27 19:00:00,0.0,43.5,18.54608333333333
2024-10-27 20:00:00,0.0,43.5,17.8665
2024-10-27 21:00:00,0.0,43.5,17.277833333333334
2024-10-27 22:00:00,0.0,43.5,16.908833333333334
2024-10-27 23:00:00,0.0,43.5,16.557416666666665
2024-10-28 00:00:00,0.0,43.5,16.386333333333333
2024-10-28 01:00:00,0.0,43.5,16.265333333333334
2024-10-28 02:00:00,0.0,43.5,15.678083333333332
2024-10-28 03:00:00,0.0,43.5,15.497
2024-10-28 04:00:00,0.0,43.5,15.119833333333332
2024-10-28 05:00:00,0.0,43.5,14.90025
2024-10-28 06:00:00,0.0,43.5,14.505083333333332
2024-10-28 07:00:00,0.0,43.5,14.32825
2024-10-28 08:00:00,0.0,43.5,14.14525
2024-10-28 09:00:00,0.0,43.5,13.223833333333332
2024-10-28 10:00:00,0.2,43.5,14.586083333333333
2024-10-28 11:00:00,0.5,43.5,13.69925
2024-10-28 12:00:00,0.4,43.5,13.416333333333334
2024-10-28 13:00:00,0.2,43.5,14.051666666666668
2024-10-28 14:00:00,0.1,43.5,13.201916666666667
2024-10-28 15:00:00,0.2,43.5,12.31075
2024-10-28 16:00:00,1.3,43.5,12.128083333333334
2024-10-28 17:00:00,0.0,43.5,14.380249999999998
2024-10-28 18:00:00,0.0,43.5,14.976583333333332
2024-10-28 19:00:00,0.0,43.5,13.139166666666666
2024-10-28 20:00:00,0.0,43.5,12.348999999999998
2024-10-28 21:00:00,0.0,43.5,13.035166666666669
2024-10-28 22:00:00,0.0,43.5,13.96625
2024-10-28 23:00:00,0.0,43.5,13.087833333333334
2024-10-29 00:00:00,0.0,43.5,12.454916666666668
2024-10-29 01:00:00,0.0,43.5,12.20175
2024-10-29 02:00:00,0.0,43.5,11.69925
2024-10-29 03:00:00,0.0,43.5,11.692
2024-10-29 04:00:00,0.0,43.5,11.447416666666667
2024-10-29 05:00:00,0.0,43.5,11.310666666666668
2024-10-29 06:00:00,0.0,43.5,11.2145
2024-10-29 07:00:00,0.0,43.5,11.04875
2024-10-29 08:00:00,0.0,43.5,11.517
2024-10-29 09:00:00,0.0,43.5,12.472166666666666
2024-10-29 10:00:00,0.0,43.5,12.987166666666669
2024-10-29 11:00:00,0.0,43.5,13.291166666666667
2024-10-29 12:00:00,0.0,43.5,13.982083333333334
2024-10-29 13:00:00,0.0,43.5,14.012083333333337
2024-10-29 14:00:00,0.0,43.5,13.861333333333334
2024-10-29 15:00:00,0.0,43.5,13.785416666666668
2024-10-29 16:00:00,0.0,43.5,13.358083333333331
2024-10-29 17:00:00,0.0,43.5,14.003416666666666
2024-10-29 18:00:00,0.0,43.5,15.661333333333332
2024-10-29 19:00:00,0.0,43.5,17.228583333333333
2024-10-29 20:00:00,0.0,43.5,16.890083333333333
2024-10-29 21:00:00,0.0,43.5,16.441166666666668
2024-10-29 22:00:00,0.0,43.5,16.736916666666666
2024-10-29 23:00:00,0.0,43.5,14.95575
2024-10-30 00:00:00,0.0,43.5,14.687583333333334
2024-10-30 01:00:00,0.0,43.5,14.702833333333333
2024-10-30 02:00:00,0.0,43.5,14.610583333333333
2024-10-30 03:00:00,0.0,43.5,14.540333333333336
2024-10-30 04:00:00,0.0,43.5,14.763833333333332
2024-10-30 05:00:00,0.0,43.5,14.677416666666666
2024-10-30 06:00:00,0.0,43.5,14.463083333333332
2024-10-30 07:00:00,0.0,43.5,14.203333333333331
2024-10-30 08:00:00,0.0,43.5,14.5215
2024-10-30 09:00:00,0.0,43.5,13.202333333333334
2024-10-30 10:00:00,0.0,43.5,13.004416666666666
2024-10-30 11:00:00,0.0,43.5,13.141583333333337
2024-10-30 12:00:00,0.0,43.5,13.224928571428572
2024-10-30 13:00:00,0.2,43.5,12.801583333333332
2024-10-30 14:00:00,0.4,43.5,11.930416666666666
2024-10-30 15:00:00,0.5,43.5,11.88023076923077
2024-10-30 16:00:00,0.0,43.5,14.61025
2024-10-30 17:00:00,0.0,43.5,17.93583333333333
2024-10-30 18:00:00,0.0,43.5,14.41275
2024-10-30 19:00:00,0.0,43.5,14.0225
2024-10-30 20:00:00,0.0,43.5,15.034083333333331
2024-10-30 21:00:00,0.0,43.5,17.429916666666667
2024-10-30 22:00:00,0.0,43.5,16.023833333333332
2024-10-30 23:00:00,0.0,43.5,17.98783333333333
2024-10-31 00:00:00,0.0,43.5,16.28375
2024-10-31 01:00:00,0.0,43.5,15.770833333333334
2024-10-31 02:00:00,0.1,43.5,17.01025
2024-10-31 03:00:00,0.0,43.5,15.952666666666667
2024-10-31 04:00:00,0.0,43.5,14.979083333333334
2024-10-31 05:00:00,0.0,43.5,14.378583333333331
2024-10-31 06:00:00,0.0,43.5,15.10675
2024-10-31 07:00:00,0.0,43.5,15.38075
2024-10-31 08:00:00,0.0,43.5,14.890916666666667
2024-10-31 09:00:00,0.0,43.5,16.818250000000003
2024-10-31 10:00:00,0.0,43.5,17.41425
2024-10-31 11:00:00,0.0,43.5,17.03975
2024-10-31 12:00:00,0.2,43.5,17.62575
2024-10-31 13:00:00,0.0,43.5,20.13083333333333
2024-10-31 14:00:00,0.0,43.5,21.506416666666667
2024-10-31 15:00:00,0.0,43.5,22.06325
2024-10-31 16:00:00,0.0,43.5,22.04575
2024-10-31 17:00:00,0.0,43.5,24.49491666666667
2024-10-31 18:00:00,0.0,43.5,24.49075
2024-10-31 19:00:00,0.0,43.5,25.41825
2024-10-31 20:00:00,0.0,43.5,25.4305
2024-10-31 21:00:00,0.0,43.5,25.099
2024-10-31 22:00:00,0.0,43.5,24.24083333333333
2024-10-31 23:00:00,0.0,43.5,23.557666666666663
2024-11-01 00:00:00,0.0,19.830000000000002,23.20983333333333
2024-11-01 01:00:00,0.0,19.830000000000002,21.89525
2024-11-01 02:00:00,0.0,19.830000000000002,21.777583333333336
2024-11-01 03:00:00,0.0,19.830000000000002,23.031916666666664
2024-11-01 04:00:00,0.0,19.830000000000002,22.295583333333337
2024-11-01 05:00:00,0.0,19.830000000000002,21.92858333333333
2024-11-01 06:00:00,0.0,19.830000000000002,22.13808333333333
2024-11-01 07:00:00,0.0,19.830000000000002,21.831416666666662
2024-11-01 08:00:00,0.0,19.830000000000002,22.85325
2024-11-01 09:00:00,0.0,19.830000000000002,23.346083333333336
2024-11-01 10:00:00,0.0,19.830000000000002,20.570083333333333
2024-11-01 11:00:00,0.0,19.830000000000002,20.051416666666668
2024-11-01 12:00:00,0.0,19.830000000000002,18.8195
2024-11-01 13:00:00,0.0,19.830000000000002,18.123
2024-11-01 14:00:00,0.0,19.830000000000002,20.188
2024-11-01 15:00:00,0.0,19.830000000000002,19.7305
2024-11-01 16:00:00,0.0,19.830000000000002,20.163833333333333
2024-11-01 17:00:00,0.0,19.830000000000002,21.194333333333333
2024-11-01 18:00:00,0.0,19.830000000000002,18.254
2024-11-01 19:00:00,0.0,19.830000000000002,21.33
2024-11-01 20:00:00,0.0,19.830000000000002,22.03383333333333
2024-11-01 21:00:00,0.0,19.830000000000002,20.7705
2024-11-01 22:00:00,0.0,19.830000000000002,19.755416666666665
2024-11-01 23:00:00,0.0,19.830000000000002,18.87975
2024-11-02 00:00:00,0.0,19.830000000000002,18.82575
2024-11-02 01:00:00,0.0,19.830000000000002,18.186666666666667
2024-11-02 02:00:00,0.0,19.830000000000002,17.886916666666668
2024-11-02 03:00:00,0.0,19.830000000000002,17.772916666666667
2024-11-02 04:00:00,0.0,19.830000000000002,17.770666666666667
2024-11-02 05:00:00,0.0,19.830000000000002,17.47925
2024-11-02 06:00:00,0.0,19.830000000000002,17.467083333333335
2024-11-02 07:00:00,0.0,19.830000000000002,17.181
2024-11-02 08:00:00,0.0,19.830000000000002,17.134416666666667
2024-11-02 09:00:00,0.0,19.830000000000002,17.37183333333333
2024-11-02 10:00:00,0.3,19.830000000000002,16.72825
2024-11-02 11:00:00,0.1,19.830000000000002,16.302833333333336
2024-11-02 12:00:00,0.0,19.830000000000002,16.27475
2024-11-02 13:00:00,0.0,19.830000000000002,16.077083333333334
2024-11-02 14:00:00,0.0,19.830000000000002,15.947583333333334
2024-11-02 15:00:00,0.0,19.830000000000002,16.209166666666665
2024-11-02 16:00:00,0.1,19.830000000000002,15.931833333333335
2024-11-02 17:00:00,0.2,19.830000000000002,16.44633333333333
2024-11-02 18:00:00,0.0,19.830000000000002,17.073416666666667
2024-11-02 19:00:00,0.0,19.830000000000002,16.375083333333333
2024-11-02 20:00:00,0.0,19.830000000000002,16.15525
2024-11-02 21:00:00,0.0,19.830000000000002,15.480333333333334
2024-11-02 22:00:00,0.0,19.830000000000002,15.243083333333333
2024-11-02 23:00:00,0.0,19.830000000000002,15.017
2024-11-03 00:00:00,0.0,19.830000000000002,15.80525
2024-11-03 01:00:00,0.0,19.830000000000002,15.5905
2024-11-03 02:00:00,0.0,19.830000000000002,15.087583333333331
2024-11-03 03:00:00,0.0,19.830000000000002,15.080583333333337
2024-11-03 04:00:00,0.0,19.830000000000002,15.128583333333331
2024-11-03 05:00:00,0.0,19.830000000000002,14.945083333333336
2024-11-03 06:00:00,0.0,19.830000000000002,14.7585
2024-11-03 07:00:00,0.0,19.830000000000002,14.748416666666666
2024-11-03 08:00:00,0.0,19.830000000000002,14.554166666666667
2024-11-03 09:00:00,0.0,19.830000000000002,14.753833333333333
2024-11-03 10:00:00,0.0,19.830000000000002,14.786166666666666
2024-11-03 11:00:00,0.0,19.830000000000002,14.400833333333331
2024-11-03 12:00:00,0.0,19.830000000000002,14.478583333333331
2024-11-03 13:00:00,0.0,19.830000000000002,14.273583333333333
2024-11-03 14:00:00,0.0,19.830000000000002,14.352666666666666
2024-11-03 15:00:00,0.0,19.830000000000002,14.83925
2024-11-03 16:00:00,0.0,19.830000000000002,14.51225
2024-11-03 17:00:00,0.0,19.830000000000002,14.002666666666668
2024-11-03 18:00:00,0.0,19.830000000000002,13.295666666666667
2024-11-03 19:00:00,0.0,19.830000000000002,13.779583333333331
2024-11-03 20:00:00,0.0,19.830000000000002,14.607666666666669
2024-11-03 21:00:00,0.0,19.830000000000002,14.74375
2024-11-03 22:00:00,0.0,19.830000000000002,14.449
2024-11-03 23:00:00,0.0,19.830000000000002,14.2085
2024-11-04 00:00:00,0.0,19.830000000000002,14.532000000000002
2024-11-04 01:00:00,0.0,19.830000000000002,14.203583333333334
2024-11-04 02:00:00,0.0,19.830000000000002,14.051416666666666
2024-11-04 03:00:00,0.0,19.830000000000002,13.959416666666668
2024-11-04 04:00:00,0.0,19.830000000000002,13.963583333333332
2024-11-04 05:00:00,0.0,19.830000000000002,13.595166666666666
2024-11-04 06:00:00,0.0,19.830000000000002,13.3175
2024-11-04 07:00:00,0.0,19.830000000000002,13.262875
2024-11-04 08:00:00,0.0,19.830000000000002,13.459933333333334
2024-11-04 09:00:00,0.0,19.830000000000002,13.231076923076923
2024-11-04 10:00:00,0.0,19.830000000000002,12.628333333333332
2024-11-04 11:00:00,0.0,19.830000000000002,12.867416666666664
2024-11-04 12:00:00,0.0,19.830000000000002,12.493083333333333
2024-11-04 13:00:00,0.0,19.830000000000002,12.573416666666668
2024-11-04 14:00:00,0.0,19.830000000000002,12.733666666666666
2024-11-04 15:00:00,0.0,19.830000000000002,12.60575
2024-11-04 16:00:00,0.0,19.830000000000002,12.533416666666668
2024-11-04 17:00:00,0.0,19.830000000000002,12.714666666666666
2024-11-04 18:00:00,0.0,19.830000000000002,13.168
2024-11-04 19:00:00,0.0,19.830000000000002,13.266416666666666
2024-11-04 20:00:00,0.0,19.830000000000002,13.066666666666668
2024-11-04 21:00:00,0.0,19.830000000000002,13.2495
2024-11-04 22:00:00,0.0,19.830000000000002,13.447416666666667
2024-11-04 23:00:00,0.0,19.830000000000002,12.41625
2024-11-05 00:00:00,0.0,19.830000000000002,12.2405
2024-11-05 01:00:00,0.0,19.830000000000002,12.618916666666664
2024-11-05 02:00:00,0.0,19.830000000000002,12.156916666666667
2024-11-05 03:00:00,0.0,19.830000000000002,12.757166666666668
2024-11-05 04:00:00,0.0,19.830000000000002,12.882083333333334
2024-11-05 05:00:00,0.0,19.830000000000002,12.32425
2024-11-05 06:00:00,0.0,19.830000000000002,12.117916666666666
2024-11-05 07:00:00,0.0,19.830000000000002,12.628333333333332
2024-11-05 08:00:00,0.0,19.830000000000002,13.2395
2024-11-05 09:00:00,0.0,19.830000000000002,12.992916666666666
2024-11-05 10:00:00,0.0,19.830000000000002,11.66875
2024-11-05 11:00:00,0.0,19.830000000000002,11.425166666666668
2024-11-05 12:00:00,0.0,19.830000000000002,11.428166666666668
2024-11-05 13:00:00,0.0,19.830000000000002,11.335333333333333
2024-11-05 14:00:00,0.3,19.830000000000002,11.592666666666666
2024-11-05 15:00:00,0.9,19.830000000000002,11.123916666666666
2024-11-05 16:00:00,0.6,19.830000000000002,10.883166666666668
2024-11-05 17:00:00,0.9,19.830000000000002,10.5945
2024-11-05 18:00:00,0.0,19.830000000000002,10.44075
2024-11-05 19:00:00,0.6,19.830000000000002,10.04325
2024-11-05 20:00:00,0.1,19.830000000000002,10.497
2024-11-05 21:00:00,0.0,19.830000000000002,10.74375
2024-11-05 22:00:00,0.0,19.830000000000002,10.63075
2024-11-05 23:00:00,0.0,19.830000000000002,10.624333333333334
2024-11-06 00:00:00,0.0,19.830000000000002,11.074833333333332
2024-11-06 01:00:00,0.0,19.830000000000002,11.68
2024-11-06 02:00:00,0.0,19.830000000000002,11.660833333333334
2024-11-06 03:00:00,0.0,19.830000000000002,11.430333333333332
2024-11-06 04:00:00,0.0,19.830000000000002,11.379333333333332
2024-11-06 05:00:00,0.0,19.830000000000002,11.47975
2024-11-06 06:00:00,0.0,19.830000000000002,11.615333333333332
2024-11-06 07:00:00,0.0,19.830000000000002,11.787833333333332
2024-11-06 08:00:00,0.0,19.830000000000002,10.813166666666667
2024-11-06 09:00:00,0.0,19.830000000000002,10.286
2024-11-06 10:00:00,0.0,19.830000000000002,11.987166666666669
2024-11-06 11:00:00,0.0,19.830000000000002,14.202583333333337
2024-11-06 12:00:00,0.0,19.830000000000002,15.36425
2024-11-06 13:00:00,0.3,19.830000000000002,15.348333333333334
2024-11-06 14:00:00,0.2,19.830000000000002,15.570833333333333
2024-11-06 15:00:00,0.1,19.830000000000002,14.894583333333332
2024-11-06 16:00:00,0.1,19.830000000000002,14.520666666666664
2024-11-06 17:00:00,0.0,19.830000000000002,14.420333333333334
2024-11-06 18:00:00,0.0,19.830000000000002,18.2925
2024-11-06 19:00:00,0.0,19.830000000000002,17.342166666666667
2024-11-06 20:00:00,0.0,19.830000000000002,16.980416666666667
2024-11-06 21:00:00,0.0,19.830000000000002,16.748
2024-11-06 22:00:00,0.0,19.830000000000002,15.73
2024-11-06 23:00:00,0.0,19.830000000000002,14.126416666666666
2024-11-07 00:00:00,0.0,19.830000000000002,14.5135
2024-11-07 01:00:00,0.0,19.830000000000002,15.811333333333332
2024-11-07 02:00:00,0.0,19.830000000000002,15.6415
2024-11-07 03:00:00,0.0,19.830000000000002,14.825
2024-11-07 04:00:00,0.0,19.830000000000002,15.4035
2024-11-07 05:00:00,0.0,19.830000000000002,16.625916666666665
2024-11-07 06:00:00,0.0,19.830000000000002,18.68875
2024-11-07 07:00:00,0.0,19.830000000000002,17.971083333333333
2024-11-07 08:00:00,0.0,19.830000000000002,16.864083333333333
2024-11-07 09:00:00,0.0,19.830000000000002,16.333166666666667
2024-11-07 10:00:00,0.0,19.830000000000002,16.481666666666666
2024-11-07 11:00:00,0.0,19.830000000000002,16.939083333333333
2024-11-07 12:00:00,0.0,19.830000000000002,17.212083333333332
2024-11-07 13:00:00,0.0,19.830000000000002,16.190416666666668
2024-11-07 14:00:00,0.0,19.830000000000002,14.9425
2024-11-07 15:00:00,0.0,19.830000000000002,13.7485
2024-11-07 16:00:00,0.0,19.830000000000002,15.59675
2024-11-07 17:00:00,0.0,19.830000000000002,17.011416666666666
2024-11-07 18:00:00,0.0,19.830000000000002,16.036583333333333
2024-11-07 19:00:00,0.0,19.830000000000002,16.259916666666665
2024-11-07 20:00:00,0.0,19.830000000000002,15.868666666666668
2024-11-07 21:00:00,0.0,19.830000000000002,14.687833333333332
2024-11-07 22:00:00,0.0,19.830000000000002,13.481416666666666
2024-11-07 23:00:00,0.0,19.830000000000002,13.927833333333334
2024-11-08 00:00:00,0.0,19.830000000000002,15.769
2024-11-08 01:00:00,0.0,19.830000000000002,15.898666666666664
2024-11-08 02:00:00,0.0,19.830000000000002,15.2205
2024-11-08 03:00:00,0.0,19.830000000000002,14.754916666666666
2024-11-08 04:00:00,0.0,19.830000000000002,14.480916666666666
2024-11-08 05:00:00,0.0,19.830000000000002,14.43
2024-11-08 06:00:00,0.0,19.830000000000002,14.108416666666663
2024-11-08 07:00:00,0.0,19.830000000000002,14.085083333333332
2024-11-08 08:00:00,0.0,19.830000000000002,14.417083333333332
2024-11-08 09:00:00,0.0,19.830000000000002,14.693833333333332
2024-11-08 10:00:00,0.0,19.830000000000002,13.716666666666669
2024-11-08 11:00:00,0.0,19.830000000000002,14.243250000000002
2024-11-08 12:00:00,0.0,19.830000000000002,14.418
2024-11-08 13:00:00,0.0,19.830000000000002,13.073333333333332
2024-11-08 14:00:00,0.0,19.830000000000002,12.28375
2024-11-08 15:00:00,0.0,19.830000000000002,12.95225
2024-11-08 16:00:00,0.0,19.830000000000002,13.251583333333334
2024-11-08 17:00:00,0.0,19.830000000000002,14.276833333333334
2024-11-08 18:00:00,0.0,19.830000000000002,13.820416666666668
2024-11-08 19:00:00,0.0,19.830000000000002,12.4785
2024-11-08 20:00:00,0.0,19.830000000000002,12.07175
2024-11-08 21:00:00,0.0,19.830000000000002,12.279833333333334
2024-11-08 22:00:00,0.0,19.830000000000002,13.010083333333334
2024-11-08 23:00:00,0.0,19.830000000000002,13.099833333333336
2024-11-09 00:00:00,0.0,19.830000000000002,13.2065
2024-11-09 01:00:00,0.0,19.830000000000002,13.126416666666666
2024-11-09 02:00:00,0.0,19.830000000000002,13.3545
2024-11-09 03:00:00,0.0,19.830000000000002,13.227833333333336
2024-11-09 04:00:00,0.0,19.830000000000002,12.97525
2024-11-09 05:00:00,0.0,19.830000000000002,13.05175
2024-11-09 06:00:00,0.0,19.830000000000002,13.12625
2024-11-09 07:00:00,0.0,19.830000000000002,13.32725
2024-11-09 08:00:00,0.0,19.830000000000002,12.926833333333336
2024-11-09 09:00:00,0.0,19.830000000000002,13.383
2024-11-09 10:00:00,0.0,19.830000000000002,12.454
2024-11-09 11:00:00,0.0,19.830000000000002,11.838333333333331
2024-11-09 12:00:00,0.0,19.830000000000002,12.2435
2024-11-09 13:00:00,0.0,19.830000000000002,12.299666666666669
2024-11-09 14:00:00,0.2,19.830000000000002,11.83375
2024-11-09 15:00:00,0.8,19.830000000000002,11.368833333333331
2024-11-09 16:00:00,1.0,19.830000000000002,11.776583333333331
2024-11-09 17:00:00,0.4,19.830000000000002,11.35425
2024-11-09 18:00:00,0.0,19.830000000000002,10.41175
2024-11-09 19:00:00,0.4,19.830000000000002,10.62175
2024-11-09 20:00:00,0.0,19.830000000000002,10.912333333333336
2024-11-09 21:00:00,0.0,19.830000000000002,11.759666666666666
2024-11-09 22:00:00,0.0,19.830000000000002,12.33175
2024-11-09 23:00:00,0.0,19.830000000000002,12.484166666666669
2024-11-10 00:00:00,0.0,19.830000000000002,12.077416666666666
2024-11-10 01:00:00,0.0,19.830000000000002,12.40625
2024-11-10 02:00:00,0.0,19.830000000000002,11.815416666666666
2024-11-10 03:00:00,0.0,19.830000000000002,11.45625
2024-11-10 04:00:00,0.0,19.830000000000002,11.314333333333332
2024-11-10 05:00:00,0.0,19.830000000000002,11.1915
2024-11-10 06:00:00,0.0,19.830000000000002,11.05775
2024-11-10 07:00:00,0.0,19.830000000000002,11.072916666666666
2024-11-10 08:00:00,0.0,19.830000000000002,11.57125
2024-11-10 09:00:00,0.0,19.830000000000002,12.231333333333334
2024-11-10 10:00:00,0.0,19.830000000000002,12.433416666666666
2024-11-10 11:00:00,0.0,19.830000000000002,11.929666666666668
2024-11-10 12:00:00,0.0,19.830000000000002,11.653916666666667
2024-11-10 13:00:00,0.0,19.830000000000002,11.38475
2024-11-10 14:00:00,0.0,19.830000000000002,11.555666666666667
2024-11-10 15:00:00,0.0,19.830000000000002,11.774833333333332
2024-11-10 16:00:00,0.3,19.830000000000002,11.7375
2024-11-10 17:00:00,0.2,19.830000000000002,11.633916666666666
2024-11-10 18:00:00,0.0,19.830000000000002,11.985916666666666
2024-11-10 19:00:00,0.0,19.830000000000002,12.127250000000002
2024-11-10 20:00:00,0.0,19.830000000000002,11.47125
2024-11-10 21:00:00,0.0,19.830000000000002,11.30075
2024-11-10 22:00:00,0.0,19.830000000000002,11.122833333333332
2024-11-10 23:00:00,0.0,19.830000000000002,11.107416666666666
2024-11-11 00:00:00,0.0,19.830000000000002,11.096166666666669
2024-11-11 01:00:00,0.0,19.830000000000002,11.377333333333333
2024-11-11 02:00:00,0.0,19.830000000000002,11.10425
2024-11-11 03:00:00,0.0,19.830000000000002,11.043666666666669
2024-11-11 04:00:00,0.0,19.830000000000002,11.079166666666666
2024-11-11 05:00:00,0.0,19.830000000000002,10.88
2024-11-11 06:00:00,0.0,19.830000000000002,10.82125
2024-11-11 07:00:00,0.0,19.830000000000002,10.5085
2024-11-11 08:00:00,0.0,19.830000000000002,10.665166666666666
2024-11-11 09:00:00,0.0,19.830000000000002,10.829166666666666
2024-11-11 10:00:00,0.0,19.830000000000002,10.83625
2024-11-11 11:00:00,0.0,19.830000000000002,10.454833333333331
2024-11-11 12:00:00,0.0,19.830000000000002,10.389833333333334
2024-11-11 13:00:00,0.0,19.830000000000002,10.70925
2024-11-11 14:00:00,0.0,19.830000000000002,10.035833333333334
2024-11-11 15:00:00,0.0,19.830000000000002,7.81175
2024-11-11 16:00:00,0.0,19.830000000000002,9.31575
2024-11-11 17:00:00,0.0,19.830000000000002,10.382083333333332
2024-11-11 18:00:00,0.0,19.830000000000002,10.766583333333337
2024-11-11 19:00:00,0.0,19.830000000000002,9.33425
2024-11-11 20:00:00,0.0,19.830000000000002,8.7225
2024-11-11 21:00:00,0.0,19.830000000000002,9.48225
2024-11-11 22:00:00,0.0,19.830000000000002,9.978416666666666
2024-11-11 23:00:00,0.0,19.830000000000002,9.949833333333332
2024-11-12 00:00:00,0.0,19.830000000000002,10.2975
2024-11-12 01:00:00,0.0,19.830000000000002,10.20375
2024-11-12 02:00:00,0.0,19.830000000000002,10.096166666666669
2024-11-12 03:00:00,0.0,19.830000000000002,10.195083333333333
2024-11-12 04:00:00,0.0,19.830000000000002,9.8995
2024-11-12 05:00:00,0.0,19.830000000000002,9.84925
2024-11-12 06:00:00,0.0,19.830000000000002,9.6505
2024-11-12 07:00:00,0.0,19.830000000000002,9.48825
2024-11-12 08:00:00,0.0,19.830000000000002,9.562166666666668
2024-11-12 09:00:00,0.0,19.830000000000002,9.920083333333332
2024-11-12 10:00:00,0.1,19.830000000000002,9.52125
2024-11-12 11:00:00,0.0,19.830000000000002,9.101833333333332
2024-11-12 12:00:00,0.1,19.830000000000002,9.766083333333333
2024-11-12 13:00:00,0.0,19.830000000000002,9.972833333333332
2024-11-12 14:00:00,0.0,19.830000000000002,9.202083333333333
2024-11-12 15:00:00,0.0,19.830000000000002,7.570916666666666
2024-11-12 16:00:00,0.0,19.830000000000002,7.875083333333333
2024-11-12 17:00:00,0.0,19.830000000000002,8.821
2024-11-12 18:00:00,0.0,19.830000000000002,8.777333333333333
2024-11-12 19:00:00,0.0,19.830000000000002,7.965083333333333
2024-11-12 20:00:00,0.0,19.830000000000002,8.164166666666667
2024-11-12 21:00:00,0.0,19.830000000000002,9.1185
2024-11-12 22:00:00,0.0,19.830000000000002,8.67675
2024-11-12 23:00:00,0.0,19.830000000000002,8.528916666666667
2024-11-13 00:00:00,0.0,19.830000000000002,8.63875
2024-11-13 01:00:00,0.0,19.830000000000002,8.737250000000001
2024-11-13 02:00:00,0.1,19.830000000000002,8.3795
2024-11-13 03:00:00,0.2,19.830000000000002,8.106
2024-11-13 04:00:00,1.2,19.830000000000002,8.839
2024-11-13 05:00:00,2.0,19.830000000000002,8.917250000000001
2024-11-13 06:00:00,1.4,19.830000000000002,8.5145
2024-11-13 07:00:00,1.6,19.830000000000002,8.168000000000001
2024-11-13 08:00:00,1.1,19.830000000000002,8.308583333333333
2024-11-13 09:00:00,0.9,19.830000000000002,8.5135
2024-11-13 10:00:00,1.3,19.830000000000002,9.4025
2024-11-13 11:00:00,1.0,19.830000000000002,9.599
2024-11-13 12:00:00,0.5,19.830000000000002,9.74325
2024-11-13 13:00:00,0.7,19.830000000000002,9.921916666666666
2024-11-13 14:00:00,0.4,19.830000000000002,9.290583333333332
2024-11-13 15:00:00,0.1,19.830000000000002,8.727583333333333
2024-11-13 16:00:00,0.0,19.830000000000002,8.344333333333333
2024-11-13 17:00:00,0.0,19.830000000000002,8.44475
2024-11-13 18:00:00,0.0,19.830000000000002,8.232416666666667
2024-11-13 19:00:00,0.0,19.830000000000002,7.147416666666667
2024-11-13 20:00:00,0.0,19.830000000000002,6.6297500000000005
2024-11-13 21:00:00,0.0,19.830000000000002,6.826250000000001
2024-11-13 22:00:00,0.0,19.830000000000002,7.999416666666666
2024-11-13 23:00:00,0.0,19.830000000000002,8.43825
2024-11-14 00:00:00,0.0,19.830000000000002,8.65175
2024-11-14 01:00:00,0.0,19.830000000000002,8.599416666666666
2024-11-14 02:00:00,0.0,19.830000000000002,8.6105
2024-11-14 03:00:00,0.0,19.830000000000002,8.2675
2024-11-14 04:00:00,0.0,19.830000000000002,8.458083333333333
2024-11-14 05:00:00,0.0,19.830000000000002,8.329666666666666
2024-11-14 06:00:00,0.0,19.830000000000002,8.393583333333334
2024-11-14 07:00:00,0.0,19.830000000000002,8.236416666666667
2024-11-14 08:00:00,0.0,19.830000000000002,8.080333333333334
2024-11-14 09:00:00,0.0,19.830000000000002,9.502666666666668
2024-11-14 10:00:00,0.0,19.830000000000002,9.126833333333332
2024-11-14 11:00:00,0.0,19.830000000000002,8.699166666666667
2024-11-14 12:00:00,0.0,19.830000000000002,9.195166666666667
2024-11-14 13:00:00,0.0,19.830000000000002,9.250833333333334
2024-11-14 14:00:00,0.0,19.830000000000002,8.704416666666667
2024-11-14 15:00:00,0.0,19.830000000000002,8.448416666666667
2024-11-14 16:00:00,0.0,19.830000000000002,8.470833333333333
2024-11-14 17:00:00,0.0,19.830000000000002,9.117083333333332
2024-11-14 18:00:00,0.0,19.830000000000002,9.577166666666669
2024-11-14 19:00:00,0.0,19.830000000000002,8.923583333333333
2024-11-14 20:00:00,0.0,19.830000000000002,9.153666666666668
2024-11-14 21:00:00,0.0,19.830000000000002,9.5535
2024-11-14 22:00:00,0.0,19.830000000000002,9.92575
2024-11-14 23:00:00,0.0,19.830000000000002,9.959333333333332
2024-11-15 00:00:00,0.0,19.830000000000002,10.037083333333332
2024-11-15 01:00:00,0.0,19.830000000000002,9.1445
2024-11-15 02:00:00,0.0,19.830000000000002,8.676333333333334
2024-11-15 03:00:00,0.0,19.830000000000002,8.687583333333334
2024-11-15 04:00:00,0.0,19.830000000000002,8.635583333333333
2024-11-15 05:00:00,0.0,19.830000000000002,8.577416666666666
2024-11-15 06:00:00,0.0,19.830000000000002,8.563916666666666
2024-11-15 07:00:00,0.0,19.830000000000002,8.505416666666667
2024-11-15 08:00:00,0.0,19.830000000000002,8.700999999999999
2024-11-15 09:00:00,0.0,19.830000000000002,9.172583333333334
2024-11-15 10:00:00,0.0,19.830000000000002,8.348333333333334
2024-11-15 11:00:00,0.0,19.830000000000002,8.697416666666667
2024-11-15 12:00:00,0.0,19.830000000000002,8.839333333333334
2024-11-15 13:00:00,0.0,19.830000000000002,8.87725
2024-11-15 14:00:00,0.0,19.830000000000002,8.982333333333335
2024-11-15 15:00:00,0.0,19.830000000000002,8.487333333333334
2024-11-15 16:00:00,0.0,19.830000000000002,8.044333333333332
2024-11-15 17:00:00,0.0,19.830000000000002,8.592166666666666
2024-11-15 18:00:00,0.0,19.830000000000002,8.376416666666666
2024-11-15 19:00:00,0.0,19.830000000000002,7.93
2024-11-15 20:00:00,0.0,19.830000000000002,8.067166666666667
2024-11-15 21:00:00,0.0,19.830000000000002,8.023583333333333
2024-11-15 22:00:00,0.0,19.830000000000002,8.189666666666666
2024-11-15 23:00:00,0.0,19.830000000000002,8.095666666666666
2024-11-16 00:00:00,0.0,19.830000000000002,8.00025
2024-11-16 01:00:00,0.0,19.830000000000002,8.5365
2024-11-16 02:00:00,0.0,19.830000000000002,8.5595
2024-11-16 03:00:00,0.0,19.830000000000002,8.351750000000001
2024-11-16 04:00:00,0.0,19.830000000000002,8.371416666666667
2024-11-16 05:00:00,0.0,19.830000000000002,8.081833333333334
2024-11-16 06:00:00,0.0,19.830000000000002,8.1255
2024-11-16 07:00:00,0.0,19.830000000000002,7.72775
2024-11-16 08:00:00,0.0,19.830000000000002,7.921166666666667
2024-11-16 09:00:00,0.0,19.830000000000002,7.85475
2024-11-16 10:00:00,0.0,19.830000000000002,7.254416666666667
2024-11-16 11:00:00,0.0,19.830000000000002,7.273833333333333
2024-11-16 12:00:00,0.0,19.830000000000002,7.144416666666667
2024-11-16 13:00:00,0.0,19.830000000000002,7.156
2024-11-16 14:00:00,0.0,19.830000000000002,7.105250000000001
2024-11-16 15:00:00,0.0,19.830000000000002,6.611
2024-11-16 16:00:00,0.0,19.830000000000002,6.22125
2024-11-16 17:00:00,0.0,19.830000000000002,6.148499999999999
2024-11-16 18:00:00,0.0,19.830000000000002,6.876666666666666
2024-11-16 19:00:00,0.0,19.830000000000002,7.944916666666667
2024-11-16 20:00:00,0.0,19.830000000000002,7.300499999999999
2024-11-16 21:00:00,0.0,19.830000000000002,6.2893333333333326
2024-11-16 22:00:00,0.0,19.830000000000002,5.860916666666667
2024-11-16 23:00:00,0.0,19.830000000000002,6.220916666666667
2024-11-17 00:00:00,0.0,19.830000000000002,7.506833333333333
2024-11-17 01:00:00,0.0,19.830000000000002,8.048833333333333
2024-11-17 02:00:00,0.0,19.830000000000002,7.795666666666666
2024-11-17 03:00:00,0.0,19.830000000000002,7.754916666666666
2024-11-17 04:00:00,0.0,19.830000000000002,7.52675
2024-11-17 05:00:00,0.0,19.830000000000002,7.336833333333334
2024-11-17 06:00:00,0.0,19.830000000000002,7.123833333333334
2024-11-17 07:00:00,0.0,19.830000000000002,7.187166666666666
2024-11-17 08:00:00,0.0,19.830000000000002,7.007750000000001
2024-11-17 09:00:00,0.0,19.830000000000002,7.306083333333333
2024-11-17 10:00:00,0.0,19.830000000000002,7.481083333333333
2024-11-17 11:00:00,0.0,19.830000000000002,6.80725
2024-11-17 12:00:00,0.0,19.830000000000002,6.754416666666667
2024-11-17 13:00:00,0.0,19.830000000000002,6.912333333333333
2024-11-17 14:00:00,0.0,19.830000000000002,6.719083333333334
2024-11-17 15:00:00,0.0,19.830000000000002,6.71125
2024-11-17 16:00:00,0.0,19.830000000000002,6.287416666666666
2024-11-17 17:00:00,0.0,19.830000000000002,6.202166666666667
2024-11-17 18:00:00,0.0,19.830000000000002,6.891583333333333
2024-11-17 19:00:00,0.0,19.830000000000002,6.883583333333334
2024-11-17 20:00:00,0.0,19.830000000000002,6.039916666666667
2024-11-17 21:00:00,0.0,19.830000000000002,5.11875
2024-11-17 22:00:00,0.0,19.830000000000002,6.065333333333332
2024-11-17 23:00:00,0.0,19.830000000000002,7.1955833333333326
2024-11-18 00:00:00,0.0,19.830000000000002,7.303416666666667
2024-11-18 01:00:00,0.0,19.830000000000002,6.7075
2024-11-18 02:00:00,0.0,19.830000000000002,6.3775
2024-11-18 03:00:00,0.0,19.830000000000002,7.378583333333334
2024-11-18 04:00:00,0.0,19.830000000000002,7.93025
2024-11-18 05:00:00,0.0,19.830000000000002,8.20575
2024-11-18 06:00:00,0.0,19.830000000000002,7.668666666666667
2024-11-18 07:00:00,0.0,19.830000000000002,6.354916666666667
2024-11-18 08:00:00,0.0,19.830000000000002,6.678666666666667
2024-11-18 09:00:00,0.0,19.830000000000002,7.197333333333333
2024-11-18 10:00:00,0.0,19.830000000000002,6.367916666666667
2024-11-18 11:00:00,0.0,19.830000000000002,8.110333333333333
2024-11-18 12:00:00,0.0,19.830000000000002,7.086166666666667
2024-11-18 13:00:00,0.0,19.830000000000002,6.107333333333333
2024-11-18 14:00:00,0.0,19.830000000000002,5.487666666666667
2024-11-18 15:00:00,0.0,19.830000000000002,5.186
2024-11-18 16:00:00,0.0,19.830000000000002,6.165666666666667
2024-11-18 17:00:00,0.0,19.830000000000002,7.16575
2024-11-18 18:00:00,0.0,19.830000000000002,7.606333333333333
2024-11-18 19:00:00,0.0,19.830000000000002,7.5855
2024-11-18 20:00:00,0.0,19.830000000000002,7.681833333333333
2024-11-18 21:00:00,0.0,19.830000000000002,7.391500000000001
2024-11-18 22:00:00,0.0,19.830000000000002,7.448666666666667
2024-11-18 23:00:00,0.0,19.830000000000002,7.263249999999999
2024-11-19 00:00:00,0.0,19.830000000000002,7.331499999999999
2024-11-19 01:00:00,0.0,19.830000000000002,7.332416666666667
2024-11-19 02:00:00,0.0,19.830000000000002,7.292666666666666
2024-11-19 03:00:00,0.0,19.830000000000002,6.935333333333333
2024-11-19 04:00:00,0.0,19.830000000000002,6.989999999999999
2024-11-19 05:00:00,0.0,19.830000000000002,6.960583333333333
2024-11-19 06:00:00,0.0,19.830000000000002,6.809833333333334
2024-11-19 07:00:00,0.0,19.830000000000002,6.714333333333333
2024-11-19 08:00:00,0.0,19.830000000000002,6.745916666666666
2024-11-19 09:00:00,0.0,19.830000000000002,6.315166666666666
2024-11-19 10:00:00,0.0,19.830000000000002,6.14375
2024-11-19 11:00:00,0.0,19.830000000000002,6.427
2024-11-19 12:00:00,0.0,19.830000000000002,5.89275
2024-11-19 13:00:00,0.0,19.830000000000002,5.614
2024-11-19 14:00:00,0.0,19.830000000000002,5.919416666666667
2024-11-19 15:00:00,0.0,19.830000000000002,6.2558333333333325
2024-11-19 16:00:00,0.0,19.830000000000002,6.2644166666666665
2024-11-19 17:00:00,0.0,19.830000000000002,6.204000000000001
2024-11-19 18:00:00,0.0,19.830000000000002,6.0245
2024-11-19 19:00:00,0.0,19.830000000000002,6.239249999999999
2024-11-19 20:00:00,0.0,19.830000000000002,6.373833333333334
2024-11-19 21:00:00,0.0,19.830000000000002,6.319333333333333
2024-11-19 22:00:00,0.0,19.830000000000002,6.184916666666666
2024-11-19 23:00:00,0.0,19.830000000000002,6.2491666666666665
2024-11-20 00:00:00,0.0,19.830000000000002,6.021083333333333
2024-11-20 01:00:00,0.0,19.830000000000002,6.966583333333333
2024-11-20 02:00:00,0.0,19.830000000000002,6.7940000000000005
2024-11-20 03:00:00,0.0,19.830000000000002,6.566
2024-11-20 04:00:00,0.0,19.830000000000002,6.820666666666667
2024-11-20 05:00:00,0.0,19.830000000000002,6.816
2024-11-20 06:00:00,0.0,19.830000000000002,6.825916666666667
2024-11-20 07:00:00,0.0,19.830000000000002,6.722333333333334
2024-11-20 08:00:00,0.0,19.830000000000002,6.498166666666666
2024-11-20 09:00:00,0.0,19.830000000000002,6.0248333333333335
2024-11-20 10:00:00,0.0,19.830000000000002,5.423416666666667
2024-11-20 11:00:00,0.0,19.830000000000002,4.886916666666667
2024-11-20 12:00:00,0.0,19.830000000000002,5.214
2024-11-20 13:00:00,0.0,19.830000000000002,5.044833333333334
2024-11-20 14:00:00,0.0,19.830000000000002,4.57
2024-11-20 15:00:00,0.0,19.830000000000002,4.574166666666667
2024-11-20 16:00:00,0.0,19.830000000000002,4.4424166666666665
2024-11-20 17:00:00,0.0,19.830000000000002,4.394916666666666
2024-11-20 18:00:00,0.0,19.830000000000002,4.535666666666667
2024-11-20 19:00:00,0.0,19.830000000000002,4.544583333333333
2024-11-20 20:00:00,0.0,19.830000000000002,4.665416666666666
2024-11-20 21:00:00,0.0,19.830000000000002,4.905333333333334
2024-11-20 22:00:00,0.0,19.830000000000002,5.87175
2024-11-20 23:00:00,0.0,19.830000000000002,6.308166666666668
2024-11-21 00:00:00,0.0,19.830000000000002,5.9465
2024-11-21 01:00:00,0.0,19.830000000000002,6.851
2024-11-21 02:00:00,0.0,19.830000000000002,6.456
2024-11-21 03:00:00,0.0,19.830000000000002,6.382750000000001
2024-11-21 04:00:00,0.0,19.830000000000002,5.931416666666666
2024-11-21 05:00:00,0.0,19.830000000000002,6.0985000000000005
2024-11-21 06:00:00,0.0,19.830000000000002,5.885416666666667
2024-11-21 07:00:00,0.0,19.830000000000002,6.0856666666666674
2024-11-21 08:00:00,0.0,19.830000000000002,6.18175
2024-11-21 09:00:00,0.0,19.830000000000002,5.900083333333334
2024-11-21 10:00:00,0.0,19.830000000000002,5.305083333333333
2024-11-21 11:00:00,0.0,19.830000000000002,5.518916666666667
2024-11-21 12:00:00,0.0,19.830000000000002,5.663
2024-11-21 13:00:00,0.0,19.830000000000002,5.37625
2024-11-21 14:00:00,0.0,19.830000000000002,5.31025
2024-11-21 15:00:00,0.0,19.830000000000002,5.46375
2024-11-21 16:00:00,0.0,19.830000000000002,5.620583333333333
2024-11-21 17:00:00,0.0,19.830000000000002,6.077083333333333
2024-11-21 18:00:00,0.0,19.830000000000002,5.929583333333333
2024-11-21 19:00:00,0.0,19.830000000000002,5.147916666666666
2024-11-21 20:00:00,0.0,19.830000000000002,4.953
2024-11-21 21:00:00,0.0,19.830000000000002,4.581416666666667
2024-11-21 22:00:00,0.0,19.830000000000002,4.514833333333333
2024-11-21 23:00:00,0.0,19.830000000000002,4.793333333333333
2024-11-22 00:00:00,0.0,19.830000000000002,5.133333333333334
2024-11-22 01:00:00,0.0,19.830000000000002,5.71675
2024-11-22 02:00:00,0.0,19.830000000000002,5.52475
2024-11-22 03:00:00,0.0,19.830000000000002,5.531666666666666
2024-11-22 04:00:00,0.0,19.830000000000002,5.252583333333333
2024-11-22 05:00:00,0.0,19.830000000000002,5.395083333333333
2024-11-22 06:00:00,0.0,19.830000000000002,5.873
2024-11-22 07:00:00,0.0,19.830000000000002,6.574333333333333
2024-11-22 08:00:00,0.0,19.830000000000002,6.8510833333333325
2024-11-22 09:00:00,0.0,19.830000000000002,6.91
2024-11-22 10:00:00,0.0,19.830000000000002,5.297083333333333
2024-11-22 11:00:00,0.0,19.830000000000002,5.410583333333332
2024-11-22 12:00:00,0.0,19.830000000000002,5.636333333333333
2024-11-22 13:00:00,0.0,19.830000000000002,5.282416666666667
2024-11-22 14:00:00,0.0,19.830000000000002,5.31375
2024-11-22 15:00:00,0.0,19.830000000000002,5.342333333333333
2024-11-22 16:00:00,0.0,19.830000000000002,5.209833333333333
2024-11-22 17:00:00,0.0,19.830000000000002,5.664416666666667
2024-11-22 18:00:00,0.1,19.830000000000002,6.594
2024-11-22 19:00:00,0.0,19.830000000000002,6.62675
2024-11-22 20:00:00,0.0,19.830000000000002,6.140583333333333
2024-11-22 21:00:00,0.0,19.830000000000002,5.238
2024-11-22 22:00:00,0.0,19.830000000000002,5.3355
2024-11-22 23:00:00,0.0,19.830000000000002,5.462083333333333
2024-11-23 00:00:00,0.0,19.830000000000002,5.425083333333333
2024-11-23 01:00:00,0.0,19.830000000000002,6.134083333333333
2024-11-23 02:00:00,0.1,19.830000000000002,5.634666666666667
2024-11-23 03:00:00,0.0,19.830000000000002,5.7307500000000005
2024-11-23 04:00:00,0.0,19.830000000000002,5.425249999999999
2024-11-23 05:00:00,0.1,19.830000000000002,5.329666666666667
2024-11-23 06:00:00,0.0,19.830000000000002,5.289916666666667
2024-11-23 07:00:00,0.1,19.830000000000002,5.395499999999999
2024-11-23 08:00:00,0.0,19.830000000000002,5.275666666666667
2024-11-23 09:00:00,0.0,19.830000000000002,5.687583333333333
2024-11-23 10:00:00,0.0,19.830000000000002,5.915833333333333
2024-11-23 11:00:00,0.0,19.830000000000002,5.464
2024-11-23 12:00:00,0.0,19.830000000000002,5.168
2024-11-23 13:00:00,0.0,19.830000000000002,5.349833333333333
2024-11-23 14:00:00,0.0,19.830000000000002,5.39975
2024-11-23 15:00:00,0.0,19.830000000000002,5.39575
2024-11-23 16:00:00,0.0,19.830000000000002,5.420750000000001
2024-11-23 17:00:00,0.0,19.830000000000002,5.86775
2024-11-23 18:00:00,0.0,19.830000000000002,6.202500000000001
2024-11-23 19:00:00,0.0,19.830000000000002,5.785666666666667
2024-11-23 20:00:00,0.0,19.830000000000002,5.639
2024-11-23 21:00:00,0.0,19.830000000000002,5.471166666666666
2024-11-23 22:00:00,0.0,19.830000000000002,5.2675
2024-11-23 23:00:00,0.0,19.830000000000002,5.116416666666667
2024-11-24 00:00:00,0.0,19.830000000000002,4.797166666666667
2024-11-24 01:00:00,0.0,19.830000000000002,5.031583333333333
2024-11-24 02:00:00,0.0,19.830000000000002,3.98325
2024-11-24 03:00:00,0.0,19.830000000000002,3.362166666666667
2024-11-24 04:00:00,0.0,19.830000000000002,3.43325
2024-11-24 05:00:00,0.0,19.830000000000002,3.614833333333333
2024-11-24 06:00:00,0.0,19.830000000000002,4.112416666666667
2024-11-24 07:00:00,0.0,19.830000000000002,4.59525
2024-11-24 08:00:00,0.1,19.830000000000002,5.215916666666667
2024-11-24 09:00:00,0.0,19.830000000000002,5.213916666666667
2024-11-24 10:00:00,0.1,19.830000000000002,4.995333333333334
2024-11-24 11:00:00,0.0,19.830000000000002,4.553166666666667
2024-11-24 12:00:00,0.0,19.830000000000002,4.673
2024-11-24 13:00:00,0.0,19.830000000000002,5.222166666666666
2024-11-24 14:00:00,0.0,19.830000000000002,4.960416666666666
2024-11-24 15:00:00,0.0,19.830000000000002,4.781916666666667
2024-11-24 16:00:00,0.0,19.830000000000002,4.363583333333334
2024-11-24 17:00:00,0.0,19.830000000000002,4.689583333333333
2024-11-24 18:00:00,0.0,19.830000000000002,5.293
2024-11-24 19:00:00,0.0,19.830000000000002,5.6305000000000005
2024-11-24 20:00:00,0.0,19.830000000000002,6.484750000000001
2024-11-24 21:00:00,0.0,19.830000000000002,6.181583333333333
2024-11-24 22:00:00,0.0,19.830000000000002,5.453749999999999
2024-11-24 23:00:00,0.0,19.830000000000002,5.311166666666667
